family,id,category,label,name,desc_short,image,корректная_метка
20,3958,БАД,0,NOW Л-Лизин L-Lysine 500 мг 100 капсул,"L-лизин — незаменимая аминокислота, которую необходимо получать с пищей или с добавками. Лизин необходим для выработки всех белков в организме, а также для поддержания структурных белков коллагена и эластина, которые образуют всю соединительную ткань, такую как кожа, сухожилия и кости.<br/><br/>L-ли",images/3958/0.jpg,1
20,28,БАД,1,NOW Л-Лизин L-Lysine 500 мг 100 капсул,"L-лизин — незаменимая аминокислота, которую необходимо получать с пищей или с добавками. Лизин необходим для выработки всех белков в организме, а также для поддержания структурных белков коллагена и эластина, которые образуют всю соединительную ткань, такую как кожа, сухожилия и кости.<br/><br/>L-ли",images/28/0.jpg,1
91,3873,БАД,0,Корейские капсулы для похудения 30 SLIMMING,"Капсулы для похудения 30 SLIMMING <br/><br/>- Комплексное действие: ускоряет метаболизм, снижает аппетит и блокирует тягу к сладкому, способствуя быстрому избавлению от лишнего веса.<br/><br/>- Уникальная формула: сочетание экстрактов гарцинии, перца и колеуса с L-карнитином усиливает расход энергии",images/3873/0.jpg,0
91,11978,БАД,0,Эффективный Корейский препарат для похудения 30 SLIMMING,"<p>Эффективный Корейский препарат для похудения 30 SLIMMING</p><p>Компактная упаковка с 60 капсулами обеспечивает удобство хранения и ежедневную поддержку в стремлении к стройности. Препарат сочетает L-карнитин, яблочный уксус и гарцинию камбоджийскую для усиленного сжигания жира, нормализации метаб",images/11978/0.jpg,0
91,132,БАД,1,30 День и Ночь Капсулы для похудения,"Новинка из Ююжной Кореи! -15 кг за месяц! 30 день/ночь для похудения и контроля аппетита от спортсменки до домохозяйки. 30 день ночь - это лучшая биологически активная добавка для похудения с доказанным эффектом, которая произведена в южной Корее. 60 штук светлых дневных капсул + 60 штук красных веч",images/132/0.jpg,0
91,231,БАД,1,30 День и Ночь Капсулы для похудения,"Новинка из Ююжной Кореи! -15 кг за месяц! 30 день/ночь для похудения и контроля аппетита от спортсменки до домохозяйки. 30 день ночь - это лучшая биологически активная добавка для похудения с доказанным эффектом, которая произведена в южной Корее. 60 штук светлых дневных капсул + 60 штук красных веч",images/231/0.jpg,0
91,953,БАД,1,Капсулы для похудения День и Ночь,"<p>Новинка из Ююжной Кореи! -15 кг за месяц! 30 день/ночь для похудения и контроля аппетита от спортсменки до домохозяйки. 30 день ночь - это лучшая биологически активная добавка для похудения с доказанным эффектом, которая произведена в южной Корее. 30 штук светлых дневных капсул + 30 штук красных ",images/953/0.jpg,0
91,1053,БАД,1,Капсулы для похудения День и Ночь,"Новинка из Ююжной Кореи! -15 кг за месяц! 30 день/ночь для похудения и контроля аппетита от спортсменки до домохозяйки. 30 день ночь - это лучшая биологически активная добавка для похудения с доказанным эффектом, которая произведена в южной Корее. 60 штук светлых дневных капсул + 60 штук красных веч",images/1053/0.jpg,0
91,1188,БАД,1,Капсулы для похудения День и Ночь,"Новинка из Ююжной Кореи! -15 кг за месяц! 30 день/ночь для похудения и контроля аппетита от спортсменки до домохозяйки. 30 день ночь - это лучшая биологически активная добавка для похудения с доказанным эффектом, которая произведена в южной Корее. 60 штук светлых дневных капсул + 60 штук красных веч",images/1188/0.jpg,0
91,1399,БАД,1,Капсулы для похудения День и Ночь,"Новинка из Ююжной Кореи! -15 кг за месяц! 30 день/ночь для похудения и контроля аппетита от спортсменки до домохозяйки. 30 день ночь - это лучшая биологически активная добавка для похудения с доказанным эффектом, которая произведена в южной Корее. 60 штук светлых дневных капсул + 60 штук красных веч",images/1399/0.jpg,0
91,1405,БАД,1,Капсулы для похудения День и Ночь Корея,"Новинка из Ююжной Кореи! -15 кг за месяц! 30 день/ночь для похудения и контроля аппетита от спортсменки до домохозяйки. 30 день/ночь - это лучшая биологически активная добавка для похудения с доказанным эффектом, которая произведена в Южной Корее. 60 штук светлых дневных капсул + 60 штук красных веч",images/1405/0.jpg,0
91,1888,БАД,1,Капсулы для похудения День и Ночь Корея,"Новинка из Ююжной Кореи! -15 кг за месяц! 30 день/ночь для похудения и контроля аппетита от спортсменки до домохозяйки. 30 день/ночь - это лучшая биологически активная добавка для похудения с доказанным эффектом, которая произведена в Южной Корее. 60 штук светлых дневных капсул + 60 штук красных веч",images/1888/0.jpg,0
91,1943,БАД,1,Капсулы для похудения День и Ночь Корея,"Новинка из Ююжной Кореи! -15 кг за месяц! 30 день/ночь для похудения и контроля аппетита от спортсменки до домохозяйки. 30 день/ночь - это лучшая биологически активная добавка для похудения с доказанным эффектом, которая произведена в Южной Корее. 60 штук светлых дневных капсул + 60 штук красных веч",images/1943/0.jpg,0
91,2011,БАД,1,Капсулы для похудения День и Ночь Корея,"Новинка из Ююжной Кореи! -15 кг за месяц! 30 день/ночь для похудения и контроля аппетита от спортсменки до домохозяйки. 30 день/ночь - это лучшая биологически активная добавка для похудения с доказанным эффектом, которая произведена в Южной Корее. 60 штук светлых дневных капсул + 60 штук красных веч",images/2011/0.jpg,0
91,4932,БАД,1,Капсулы для похудения День и Ночь Корея,"Новинка из Ююжной Кореи! -15 кг за месяц! 30 день/ночь для похудения и контроля аппетита от спортсменки до домохозяйки. 30 день/ночь - это лучшая биологически активная добавка для похудения с доказанным эффектом, которая произведена в Южной Корее. 60 штук светлых дневных капсул + 60 штук красных веч",images/4932/0.jpg,0
91,5262,БАД,1,Капсулы для похудения День и Ночь,"Новинка из Ююжной Кореи! -15 кг за месяц! 30 день/ночь для похудения и контроля аппетита от спортсменки до домохозяйки. 30 день ночь - это лучшая биологически активная добавка для похудения с доказанным эффектом, которая произведена в южной Корее. 60 штук светлых дневных капсул + 60 штук красных веч",images/5262/0.jpg,0
91,5714,БАД,1,Капсулы для похудения День и Ночь,"Новинка из Ююжной Кореи! -15 кг за месяц! 30 день/ночь для похудения и контроля аппетита от спортсменки до домохозяйки. 30 день ночь - это лучшая биологически активная добавка для похудения с доказанным эффектом, которая произведена в южной Корее. 60 штук светлых дневных капсул + 60 штук красных веч",images/5714/0.jpg,0
91,5887,БАД,1,Капсулы для похудения День и Ночь,"Новинка из Ююжной Кореи! -15 кг за месяц! 30 день/ночь для похудения и контроля аппетита от спортсменки до домохозяйки. 30 день ночь - это лучшая биологически активная добавка для похудения с доказанным эффектом, которая произведена в южной Корее. 60 штук светлых дневных капсул + 60 штук красных веч",images/5887/0.jpg,0
91,6150,БАД,1,Капсулы для похудения День и Ночь Корея,"Новинка из Ююжной Кореи! -15 кг за месяц! 30 день/ночь для похудения и контроля аппетита от спортсменки до домохозяйки. 30 день/ночь - это лучшая биологически активная добавка для похудения с доказанным эффектом, которая произведена в Южной Корее. 60 штук светлых дневных капсул + 60 штук красных веч",images/6150/0.jpg,0
91,6310,БАД,1,Капсулы для похудения День и Ночь,"Новинка из Ююжной Кореи! -15 кг за месяц! 30 день/ночь для похудения и контроля аппетита от спортсменки до домохозяйки. 30 день ночь - это лучшая биологически активная добавка для похудения с доказанным эффектом, которая произведена в южной Корее. 60 штук светлых дневных капсул + 60 штук красных веч",images/6310/0.jpg,0
91,6989,БАД,1,Капсулы для похудения День и Ночь Корея,"Новинка из Ююжной Кореи! -15 кг за месяц! 30 день/ночь для похудения и контроля аппетита от спортсменки до домохозяйки. 30 день/ночь - это лучшая биологически активная добавка для похудения с доказанным эффектом, которая произведена в Южной Корее. 60 штук светлых дневных капсул + 60 штук красных веч",images/6989/0.jpg,0
91,7016,БАД,1,Капсулы для похудения День и Ночь Корея,"Новинка из Ююжной Кореи! -15 кг за месяц! 30 день/ночь для похудения и контроля аппетита от спортсменки до домохозяйки. 30 день/ночь - это лучшая биологически активная добавка для похудения с доказанным эффектом, которая произведена в Южной Корее. 60 штук светлых дневных капсул + 60 штук красных веч",images/7016/0.jpg,0
91,7063,БАД,1,Капсулы для похудения День и Ночь Корея,"Новинка из Ююжной Кореи! -15 кг за месяц! 30 день/ночь для похудения и контроля аппетита от спортсменки до домохозяйки. 30 день/ночь - это лучшая биологически активная добавка для похудения с доказанным эффектом, которая произведена в Южной Корее. 60 штук светлых дневных капсул + 60 штук красных веч",images/7063/0.jpg,0
91,7595,БАД,1,"Таблетки для похудения День и Ночь, мощный жиросжигатель против лишнего веса","Новинка из Ююжной Кореи! -15 кг за месяц! 30 день/ночь для похудения и контроля аппетита от спортсменки до домохозяйки. 30 день/ночь - это лучшая биологически активная добавка для похудения с доказанным эффектом, которая произведена в Южной Корее. 60 штук светлых дневных капсул + 60 штук красных веч",images/7595/0.jpg,0
91,7686,БАД,1,Капсулы для похудения День и Ночь Корея,"Новинка из Ююжной Кореи! -15 кг за месяц! 30 день/ночь для похудения и контроля аппетита от спортсменки до домохозяйки. 30 день/ночь - это лучшая биологически активная добавка для похудения с доказанным эффектом, которая произведена в Южной Корее. 60 штук светлых дневных капсул + 60 штук красных веч",images/7686/0.jpg,0
91,7933,БАД,1,Капсулы для похудения День и Ночь Корея,"Новинка из Ююжной Кореи! -15 кг за месяц! 30 день/ночь для похудения и контроля аппетита от спортсменки до домохозяйки. 30 день/ночь - это лучшая биологически активная добавка для похудения с доказанным эффектом, которая произведена в Южной Корее. 60 штук светлых дневных капсул + 60 штук красных веч",images/7933/0.jpg,0
91,8271,БАД,1,Капсулы для похудения День и Ночь,"<p>Новинка из Ююжной Кореи! -15 кг за месяц! 30 день/ночь для похудения и контроля аппетита от спортсменки до домохозяйки. 30 день ночь - это лучшая биологически активная добавка для похудения с доказанным эффектом, которая произведена в южной Корее. 30 штук светлых дневных капсул + 30 штук красных ",images/8271/0.jpg,0
91,8628,БАД,1,Капсулы для похудения День и Ночь,"Новинка из Ююжной Кореи! -15 кг за месяц! 30 день/ночь для похудения и контроля аппетита от спортсменки до домохозяйки. 30 день ночь - это лучшая биологически активная добавка для похудения с доказанным эффектом, которая произведена в южной Корее. 60 штук светлых дневных капсул + 60 штук красных веч",images/8628/0.jpg,0
91,8894,БАД,1,Капсулы для похудения День и Ночь,"Новинка из Ююжной Кореи! -15 кг за месяц! 30 день/ночь для похудения и контроля аппетита от спортсменки до домохозяйки. 30 день ночь - это лучшая биологически активная добавка для похудения с доказанным эффектом, которая произведена в южной Корее. 60 штук светлых дневных капсул + 60 штук красных веч",images/8894/0.jpg,0
91,9207,БАД,1,Капсулы для похудения День и Ночь,"Новинка из Ююжной Кореи! -15 кг за месяц! 30 день/ночь для похудения и контроля аппетита от спортсменки до домохозяйки. 30 день ночь - это лучшая биологически активная добавка для похудения с доказанным эффектом, которая произведена в южной Корее. 60 штук светлых дневных капсул + 60 штук красных веч",images/9207/0.jpg,0
91,10317,БАД,1,Капсулы для похудения День и Ночь Корея,"Новинка из Ююжной Кореи! -15 кг за месяц! 30 день/ночь для похудения и контроля аппетита от спортсменки до домохозяйки. 30 день/ночь - это лучшая биологически активная добавка для похудения с доказанным эффектом, которая произведена в Южной Корее. 60 штук светлых дневных капсул + 60 штук красных веч",images/10317/0.jpg,0
91,11348,БАД,1,Капсулы для похудения День и Ночь,"Новинка из Ююжной Кореи! -15 кг за месяц! 30 день/ночь для похудения и контроля аппетита от спортсменки до домохозяйки. 30 день ночь - это лучшая биологически активная добавка для похудения с доказанным эффектом, которая произведена в южной Корее. 60 штук светлых дневных капсул + 60 штук красных веч",images/11348/0.jpg,0
91,11497,БАД,1,Капсулы для похудения День и Ночь,"Новинка из Ююжной Кореи! -15 кг за месяц! 30 день/ночь для похудения и контроля аппетита от спортсменки до домохозяйки. 30 день ночь - это лучшая биологически активная добавка для похудения с доказанным эффектом, которая произведена в южной Корее. 60 штук светлых дневных капсул + 60 штук красных веч",images/11497/0.jpg,0
91,12565,БАД,1,Капсулы для похудения День и Ночь,"Новинка из Ююжной Кореи! -15 кг за месяц! 30 день/ночь для похудения и контроля аппетита от спортсменки до домохозяйки. 30 день ночь - это лучшая биологически активная добавка для похудения с доказанным эффектом, которая произведена в южной Корее. 60 штук светлых дневных капсул + 60 штук красных веч",images/12565/0.jpg,0
91,12781,БАД,1,Капсулы для похудения День и Ночь,"Новинка из Ююжной Кореи! -15 кг за месяц! 30 день/ночь для похудения и контроля аппетита от спортсменки до домохозяйки. 30 день ночь - это лучшая биологически активная добавка для похудения с доказанным эффектом, которая произведена в южной Корее. 60 штук светлых дневных капсул + 60 штук красных веч",images/12781/0.jpg,0
91,13150,БАД,1,Капсулы для похудения День и Ночь,"Новинка из Ююжной Кореи! -15 кг за месяц! 30 день/ночь для похудения и контроля аппетита от спортсменки до домохозяйки. 30 день ночь - это лучшая биологически активная добавка для похудения с доказанным эффектом, которая произведена в южной Корее. 60 штук светлых дневных капсул + 60 штук красных веч",images/13150/0.jpg,0
91,13390,БАД,1,30 День и Ночь Капсулы для похудения,"Новинка из Ююжной Кореи! -15 кг за месяц! 30 день/ночь для похудения и контроля аппетита от спортсменки до домохозяйки. 30 день ночь - это лучшая биологически активная добавка для похудения с доказанным эффектом, которая произведена в южной Корее. 60 штук светлых дневных капсул + 60 штук красных веч",images/13390/0.jpg,0
91,14038,БАД,1,Капсулы для похудения День и Ночь,"Новинка из Ююжной Кореи! -15 кг за месяц! 30 день/ночь для похудения и контроля аппетита от спортсменки до домохозяйки. 30 день ночь - это лучшая биологически активная добавка для похудения с доказанным эффектом, которая произведена в южной Корее. 60 штук светлых дневных капсул + 60 штук красных веч",images/14038/0.jpg,0
91,14177,БАД,1,Капсулы для похудения День и Ночь Корея,"Новинка из Ююжной Кореи! -15 кг за месяц! 30 день/ночь для похудения и контроля аппетита от спортсменки до домохозяйки. 30 день/ночь - это лучшая биологически активная добавка для похудения с доказанным эффектом, которая произведена в Южной Корее. 60 штук светлых дневных капсул + 60 штук красных веч",images/14177/0.jpg,0
91,14327,БАД,1,Капсулы для похудения День и Ночь,"Новинка из Ююжной Кореи! -15 кг за месяц! 30 день/ночь для похудения и контроля аппетита от спортсменки до домохозяйки. 30 день ночь - это лучшая биологически активная добавка для похудения с доказанным эффектом, которая произведена в южной Корее. 60 штук светлых дневных капсул + 60 штук красных веч",images/14327/0.jpg,0
91,14838,БАД,1,Капсулы для похудения День и Ночь Корея,"Новинка из Ююжной Кореи! -15 кг за месяц! 30 день/ночь для похудения и контроля аппетита от спортсменки до домохозяйки. 30 день/ночь - это лучшая биологически активная добавка для похудения с доказанным эффектом, которая произведена в Южной Корее. 60 штук светлых дневных капсул + 60 штук красных веч",images/14838/0.jpg,0
91,15670,БАД,1,Капсулы для похудения День и Ночь Корея,"Новинка из Ююжной Кореи! -15 кг за месяц! 30 день/ночь для похудения и контроля аппетита от спортсменки до домохозяйки. 30 день/ночь - это лучшая биологически активная добавка для похудения с доказанным эффектом, которая произведена в Южной Корее. 60 штук светлых дневных капсул + 60 штук красных веч",images/15670/0.jpg,0
91,16338,БАД,1,Капсулы для похудения День и Ночь,"Новинка из Ююжной Кореи! -15 кг за месяц! 30 день/ночь для похудения и контроля аппетита от спортсменки до домохозяйки. 30 день ночь - это лучшая биологически активная добавка для похудения с доказанным эффектом, которая произведена в южной Корее. 60 штук светлых дневных капсул + 60 штук красных веч",images/16338/0.jpg,0
91,17215,БАД,1,Капсулы для похудения День и Ночь Корея,"Новинка из Ююжной Кореи! -15 кг за месяц! 30 день/ночь для похудения и контроля аппетита от спортсменки до домохозяйки. 30 день/ночь - это лучшая биологически активная добавка для похудения с доказанным эффектом, которая произведена в Южной Корее. 60 штук светлых дневных капсул + 60 штук красных веч",images/17215/0.jpg,0
91,17412,БАД,1,Капсулы для похудения День и Ночь Корея,"Новинка из Ююжной Кореи! -15 кг за месяц! 30 день/ночь для похудения и контроля аппетита от спортсменки до домохозяйки. 30 день/ночь - это лучшая биологически активная добавка для похудения с доказанным эффектом, которая произведена в Южной Корее. 60 штук светлых дневных капсул + 60 штук красных веч",images/17412/0.jpg,0
91,17585,БАД,1,Капсулы для похудения День и Ночь Корея,"Новинка из Ююжной Кореи! -15 кг за месяц! 30 день/ночь для похудения и контроля аппетита от спортсменки до домохозяйки. 30 день/ночь - это лучшая биологически активная добавка для похудения с доказанным эффектом, которая произведена в Южной Корее. 60 штук светлых дневных капсул + 60 штук красных веч",images/17585/0.jpg,0
91,18388,БАД,1,Капсулы для похудения День и Ночь Корея,"Новинка из Ююжной Кореи! -15 кг за месяц! 30 день/ночь для похудения и контроля аппетита от спортсменки до домохозяйки. 30 день/ночь - это лучшая биологически активная добавка для похудения с доказанным эффектом, которая произведена в Южной Корее. 60 штук светлых дневных капсул + 60 штук красных веч",images/18388/0.jpg,0
97,138,БАД,0,"Креатин моногидрат Beauty Power порошок 300 г, спортивное питание для взрослых / аминокислоты для повышения эффективности тренировок, выносливости, набора массы, укрепления мышц","Креатин бренда Beauty Power способствует повышению силы и выносливости для проведения максимально эффективных тренировок. В составе предтренировочного энергетика содержится creatine monohydrate, оказывающий комплексное действие. БАД выпускается в форме порошка (powder) и предназначен для приготовлен",images/138/0.jpg,1
97,7572,БАД,0,"Креатин моногидрат Beauty Power порошок 300 г, спортивное питание для взрослых / аминокислоты для повышения эффективности тренировок, выносливости, набора массы, укрепления мышц","Креатин бренда Beauty Power способствует повышению силы и выносливости для проведения максимально эффективных тренировок. В составе предтренировочного энергетика содержится creatine monohydrate, оказывающий комплексное действие. БАД выпускается в форме порошка (powder) и предназначен для приготовлен",images/7572/0.jpg,1
97,4965,БАД,1,"Креатин моногидрат Beauty Power порошок 300 г, спортивное питание для взрослых / аминокислоты для повышения эффективности тренировок, выносливости, набора массы, укрепления мышц","Креатин бренда Beauty Power способствует повышению силы и выносливости для проведения максимально эффективных тренировок. В составе предтренировочного энергетика содержится creatine monohydrate, оказывающий комплексное действие. БАД выпускается в форме порошка (powder) и предназначен для приготовлен",images/4965/0.jpg,1
115,289,БАД,0,Лишоу капсулы для похудения,"Лишоу — китайский эффективный продукт для похудения и снижения веса. Капсулы понижают тягу к сладкому, подавляют чувство голода. Сильный спортивный жиросжигатель помогает с уменьшением объемов, коррекцией фигуры, сжиганием жира без диет. Препарат для борьбы с лишним весом борется с замедленным метаб",images/289/0.jpg,0
115,347,БАД,0,Капсулы жиросжигатель для похудения,"НЕ ЯВЛЯЕТСЯ БАД! Добро пожаловать в мир Lishou - новинки среди препаратов для похудения! Наш продукт представляет собой капсулы для похудения, которые помогут вам избавиться от лишнего веса и контролировать свой вес в долгосрочной перспективе. Капсулы Lishou разработаны специально для тех, кто хочет",images/347/0.jpg,0
115,163,БАД,1,Лишоу капсулы для похудения,"Лишоу — китайский эффективный продукт для похудения и снижения веса. Капсулы понижают тягу к сладкому, подавляют чувство голода. Сильный спортивный жиросжигатель помогает с уменьшением объемов, коррекцией фигуры, сжиганием жира без диет. Препарат для борьбы с лишним весом борется с замедленным метаб",images/163/0.jpg,0
115,1925,БАД,1,Лишоу капсулы для похудения,"Лишоу — китайский эффективный продукт для похудения и снижения веса. Капсулы понижают тягу к сладкому, подавляют чувство голода. Сильный спортивный жиросжигатель помогает с уменьшением объемов, коррекцией фигуры, сжиганием жира без диет. Препарат для борьбы с лишним весом борется с замедленным метаб",images/1925/0.jpg,0
115,9715,БАД,1,Лишоу капсулы для похудения,"Лишоу — китайский эффективный продукт для похудения и снижения веса. Капсулы понижают тягу к сладкому, подавляют чувство голода. Сильный спортивный жиросжигатель помогает с уменьшением объемов, коррекцией фигуры, сжиганием жира без диет. Препарат для борьбы с лишним весом борется с замедленным метаб",images/9715/0.jpg,0
115,15392,БАД,1,Лишоу капсулы для похудения,"Лишоу — китайский эффективный продукт для похудения и снижения веса. Капсулы понижают тягу к сладкому, подавляют чувство голода. Сильный спортивный жиросжигатель помогает с уменьшением объемов, коррекцией фигуры, сжиганием жира без диет. Препарат для борьбы с лишним весом борется с замедленным метаб",images/15392/0.jpg,0
128,15631,БАД,0,Коготь дьявола молотый Мартиния Martynia Devils Claw,"Растение оказывает благотворное влияние на здоровье человека во многих отношениях: <br/><br/>Снимает воспаление<br/><br/> Облегчает боль <br/><br/>Снимает боль в суставах и борется с артритом <br/><br/>Улучшает пищеварение<br/><br/>Гарпагозид, обнаруженный в составе растения, является противовоспали",images/15631/0.jpg,0
128,179,БАД,1,Коготь дьявола молотый Мартиния Martynia Devils Claw,"Растение оказывает благотворное влияние на здоровье человека во многих отношениях: <br/><br/>Снимает воспаление<br/><br/> Облегчает боль <br/><br/>Снимает боль в суставах и борется с артритом <br/><br/>Улучшает пищеварение<br/><br/>Гарпагозид, обнаруженный в составе растения, является противовоспали",images/179/0.jpg,0
139,11808,БАД,0,"Глюкозамин хондроитин msm 44 порции Universal Nutrition Animal Flex, бады и витамины для суставов и связок, спортивное питание","Витаминно-минеральный комплекс Animal Flex для суставов и связок.Animal Flex – это мощный витаминный комплекс, созданный для поддержки суставов и связок. Его инновационная формула идеально подходит как мужчинам, так и женщинам, укрепляя суставы, снимая воспаления и помогая справляться с нагрузками в",images/11808/0.jpg,1
139,195,БАД,1,"Глюкозамин хондроитин msm 44 порции Universal Nutrition Animal Flex, бады и витамины для суставов и связок, спортивное питание","Витаминно-минеральный комплекс Animal Flex для суставов и связок.Animal Flex – это мощный витаминный комплекс, созданный для поддержки суставов и связок. Его инновационная формула идеально подходит как мужчинам, так и женщинам, укрепляя суставы, снимая воспаления и помогая справляться с нагрузками в",images/195/0.jpg,1
179,7271,БАД,0,БАД для иммунитета,"NOW L-карнитин 500 мг – это высококачественная пищевая добавка, разработанная специально для спортсменов и активных людей, которым важно L-карнитин поддерживать L-карнитин высокий уровень когнитивных функций и получать дополнительную энергию для тренировок. L-карнитинL-карнитин Главный активный комп",images/7271/0.jpg,1
179,251,БАД,1,БАД для иммунитета,"NOW L-карнитин 500 мг – это высококачественная пищевая добавка, разработанная специально для спортсменов и активных людей, которым важно L-карнитин поддерживать L-карнитин высокий уровень когнитивных функций и получать дополнительную энергию для тренировок. L-карнитинL-карнитин Главный активный комп",images/251/0.jpg,1
179,6320,БАД,1,БАД для иммунитета,"NOW L-карнитин 500 мг – это высококачественная пищевая добавка, разработанная специально для спортсменов и активных людей, которым важно L-карнитин поддерживать L-карнитин высокий уровень когнитивных функций и получать дополнительную энергию для тренировок. L-карнитин L-карнитин Главный активный ком",images/6320/0.jpg,1
179,8292,БАД,1,Now Acetyl-L Carnitine 500 мг 50 капсул.,"NOW L-карнитин 500 мг – это высококачественная пищевая добавка, разработанная специально для спортсменов и активных людей, которым важно L-карнитин поддерживать L-карнитин высокий уровень когнитивных функций и получать дополнительную энергию для тренировок. L-карнитинL-карнитин Главный активный комп",images/8292/0.jpg,1
179,8336,БАД,1,БАД для здоровья,"NOW L-карнитин 500 мг – это высококачественная пищевая добавка, разработанная специально для спортсменов и активных людей, которым важно L-карнитин поддерживать L-карнитин высокий уровень когнитивных функций и получать дополнительную энергию для тренировок. L-карнитинL-карнитин Главный активный комп",images/8336/0.jpg,1
179,9368,БАД,1,БАД для иммунитета,"NOW L-карнитин 500 мг – это высококачественная пищевая добавка, разработанная специально для спортсменов и активных людей, которым важно L-карнитин поддерживать L-карнитин высокий уровень когнитивных функций и получать дополнительную энергию для тренировок. L-карнитин L-карнитин Главный активный ком",images/9368/0.jpg,1
179,10357,БАД,1,Now Acetyl-L Carnitine 500 мг 50 капсул.,"NOW L-карнитин 500 мг – это высококачественная пищевая добавка, разработанная специально для спортсменов и активных людей, которым важно L-карнитин поддерживать L-карнитин высокий уровень когнитивных функций и получать дополнительную энергию для тренировок. L-карнитинL-карнитин Главный активный комп",images/10357/0.jpg,1
179,11738,БАД,1,Now Acetyl-L Carnitine 500 мг 50 капсул.,"NOW L-карнитин 500 мг – это высококачественная пищевая добавка, разработанная специально для спортсменов и активных людей, которым важно L-карнитин поддерживать L-карнитин высокий уровень когнитивных функций и получать дополнительную энергию для тренировок. L-карнитинL-карнитин Главный активный комп",images/11738/0.jpg,1
179,12052,БАД,1,БАД для иммунитета,"NOW L-карнитин 500 мг – это высококачественная пищевая добавка, разработанная специально для спортсменов и активных людей, которым важно L-карнитин поддерживать L-карнитин высокий уровень когнитивных функций и получать дополнительную энергию для тренировок. L-карнитин L-карнитин Главный активный ком",images/12052/0.jpg,1
179,12201,БАД,1,Now Acetyl-L Carnitine 500 мг 50 vкапсул.,"NOW L-карнитин 500 мг – это высококачественная пищевая добавка, разработанная специально для спортсменов и активных людей, которым важно L-карнитин поддерживать L-карнитин высокий уровень когнитивных функций и получать дополнительную энергию для тренировок. L-карнитинL-карнитин Главный активный комп",images/12201/0.jpg,1
179,13802,БАД,1,Now Acetyl-L Carnitine 500 мг 50 vкапсул.,"NOW L-карнитин 500 мг – это высококачественная пищевая добавка, разработанная специально для спортсменов и активных людей, которым важно L-карнитин поддерживать L-карнитин высокий уровень когнитивных функций и получать дополнительную энергию для тренировок. L-карнитинL-карнитин Главный активный комп",images/13802/0.jpg,1
179,15163,БАД,1,БАД для иммунитета,"NOW L-карнитин 500 мг – это высококачественная пищевая добавка, разработанная специально для спортсменов и активных людей, которым важно L-карнитин поддерживать L-карнитин высокий уровень когнитивных функций и получать дополнительную энергию для тренировок. L-карнитинL-карнитин Главный активный комп",images/15163/0.jpg,1
179,15347,БАД,1,Now Acetyl-L Carnitine 500 мг 50 vкапсул.,"NOW L-карнитин 500 мг – это высококачественная пищевая добавка, разработанная специально для спортсменов и активных людей, которым важно L-карнитин поддерживать L-карнитин высокий уровень когнитивных функций и получать дополнительную энергию для тренировок. L-карнитинL-карнитин Главный активный комп",images/15347/0.jpg,1
179,16998,БАД,1,Now Acetyl-L Carnitine 500 мг 50 vкапсул.,"NOW L-карнитин 500 мг – это высококачественная пищевая добавка, разработанная специально для спортсменов и активных людей, которым важно L-карнитин поддерживать L-карнитин высокий уровень когнитивных функций и получать дополнительную энергию для тренировок. L-карнитинL-карнитин Главный активный комп",images/16998/0.jpg,1
179,18241,БАД,1,Now Acetyl-L Carnitine 500 мг 50 капсул.,"NOW L-карнитин 500 мг – это высококачественная пищевая добавка, разработанная специально для спортсменов и активных людей, которым важно L-карнитин поддерживать L-карнитин высокий уровень когнитивных функций и получать дополнительную энергию для тренировок. L-карнитинL-карнитин Главный активный комп",images/18241/0.jpg,1
183,258,БАД,0,капсулы для похудения жиросжигатель эффективный Moleculе,"<p>Жиросжигатель Molecula от Badik – ваш надежный партнер в достижении идеальной формы!</p><p>Эффективные капсулы помогают активировать процесс сжигания жира, способствуют потере лишнего веса и поддерживают организм во время диеты. Компоненты на основе растительных экстрактов (спирулина, кассия тора",images/258/0.jpg,0
183,2987,БАД,1,мощный препарат для похудения Molecule plus,"Мощный препарат для похудения <br/><br/>Введение:<br/><br/>В мире современных технологий и стремления к идеальному телу, вопрос похудения остается актуальным. Но как же сделать это эффективно и без вреда для здоровья? Ответ кроется в природе – в составе нашего уникального препарата ""Травянистый Раст",images/2987/0.jpg,0
208,298,Легковоспламеняющиеся,0,Мангал складной,"Мангал складной многоразовый 40 х 25 см., толщина стали 1,5 мм. - толстый металл. Высокопрочная сталь толщиной 1,5 мм, модель способна выдержать многократные нагревания. Мангал идеально подходит для решетки-гриль и шампуров. Мангал складывается и раскладывается за минуту без инструментов.<br/><br/>М",images/298/0.jpg,0
208,790,Легковоспламеняющиеся,0,Мангал складной,"Мангал складной многоразовый 40 х 25 см., толщина стали 1,5 мм. - толстый металл. Высокопрочная сталь толщиной 1,5 мм, модель способна выдержать многократные нагревания. Мангал идеально подходит для решетки-гриль и шампуров. Мангал складывается и раскладывается за минуту без инструментов.<br/><br/>М",images/790/0.jpg,0
208,3787,Легковоспламеняющиеся,0,"Мангал складной, походный","Мангал складной многоразовый 40 х 25 см., толщина стали 1,5 мм. - толстый металл. Высокопрочная сталь толщиной 1,5 мм, модель способна выдержать многократные нагревания. Мангал идеально подходит для решетки-гриль и шампуров. Мангал складывается и раскладывается за минуту без инструментов.<br/><br/>М",images/3787/0.jpg,0
208,4851,Легковоспламеняющиеся,0,Брикеты для розжига IMAGE 64 шт.,"Брикеты IMAGE - это отличное средство для розжига дров и угля. Они изготовлены из высококачественной древесины, которая пропитана качественным парафином. Благодаря этому, каждый кубик горит равномерным пламенем в течение более 6 минут, не выделяя острого запаха и копоти.<br/><br/>Брикеты Image не вп",images/4851/0.jpg,1
208,6209,Легковоспламеняющиеся,0,Мангал складной,"Мангал складной многоразовый 40 х 25 см., толщина стали 1,5 мм. - толстый металл. Высокопрочная сталь толщиной 1,5 мм, модель способна выдержать многократные нагревания. Мангал идеально подходит для решетки-гриль и шампуров. Мангал складывается и раскладывается за минуту без инструментов.<br/><br/>М",images/6209/0.jpg,0
208,6746,Легковоспламеняющиеся,0,Мангал складной,"Мангал складной многоразовый 40 х 25 см., толщина стали 1,5 мм. - толстый металл. Высокопрочная сталь толщиной 1,5 мм, модель способна выдержать многократные нагревания. Мангал идеально подходит для решетки-гриль и шампуров. Мангал складывается и раскладывается за минуту без инструментов.<br/><br/>М",images/6746/0.jpg,0
208,7880,Легковоспламеняющиеся,0,Мангал складной,"Мангал складной многоразовый 40 х 25 см., толщина стали 1,5 мм. - толстый металл. Высокопрочная сталь толщиной 1,5 мм, модель способна выдержать многократные нагревания. Мангал идеально подходит для решетки-гриль и шампуров. Мангал складывается и раскладывается за минуту без инструментов.<br/><br/>М",images/7880/0.jpg,0
208,8474,Легковоспламеняющиеся,0,Брикеты для розжига IMAGE 64 шт. (упаковка 24 шт),"Брикеты IMAGE - это отличное средство для розжига дров и угля. Они изготовлены из высококачественной древесины, которая пропитана качественным парафином. Благодаря этому, каждый кубик горит равномерным пламенем в течение более 6 минут, не выделяя острого запаха и копоти.<br/><br/>Брикеты Image не вп",images/8474/0.jpg,1
208,9348,Легковоспламеняющиеся,0,Мангал складной,"Мангал складной многоразовый 40 х 25 см., толщина стали 1,5 мм. - толстый металл. Высокопрочная сталь толщиной 1,5 мм, модель способна выдержать многократные нагревания. Мангал идеально подходит для решетки-гриль и шампуров. Мангал складывается и раскладывается за минуту без инструментов.<br/><br/>М",images/9348/0.jpg,0
208,18321,Легковоспламеняющиеся,1,"Спички длительного горения Image ""Турист"", длина 5 см, 3 упаковки по 20 шт","Спички Image ""Турист"" используются для разжигания угля, дров, камина, барбекю, костра при любых погодных условиях. <br/><br/>Состав: картон, ДВП, парафин, чиркаш. <br/><br/>Длина спичек: 5 см. <br/><br/>Время горения 6 минут.",images/18321/0.jpg,1
246,3339,БАД,0,Цитруллин малат аминокислоты спортивное питание,"Цитруллин малат аминокислоты спортивное питание представляет собой идеальный предтренировочный комплекс для тех, кто серьезно занимается спортом. Этот продукт является источником цитруллина и доступен в капсулах, а также в порошке. Он разработан для активных людей, стремящихся увеличить эффективност",images/3339/0.jpg,0
246,5158,БАД,0,Цитруллин малат аминокислоты спортивное питание,"Цитруллин малат аминокислоты спортивное питание представляет собой идеальный предтренировочный комплекс для тех, кто серьезно занимается спортом. Этот продукт является источником цитруллина и доступен в капсулах, а также в порошке. Он разработан для активных людей, стремящихся увеличить эффективност",images/5158/0.jpg,0
246,9059,БАД,0,Цитруллин малат аминокислоты спортивное питание,"Цитруллин малат аминокислоты спортивное питание представляет собой идеальный предтренировочный комплекс для тех, кто серьезно занимается спортом. Этот продукт является источником цитруллина и доступен в капсулах, а также в порошке. Он разработан для активных людей, стремящихся увеличить эффективност",images/9059/0.jpg,0
246,13611,БАД,0,Цитруллин малат аминокислоты спортивное питание,"Цитруллин малат аминокислоты спортивное питание представляет собой идеальный предтренировочный комплекс для тех, кто серьезно занимается спортом. Этот продукт является источником цитруллина и доступен в капсулах, а также в порошке. Он разработан для активных людей, стремящихся увеличить эффективност",images/13611/0.jpg,0
246,351,БАД,1,Цитруллин малат аминокислоты спортивное питание,"Цитруллин малат аминокислоты спортивное питание представляет собой идеальный предтренировочный комплекс для тех, кто серьезно занимается спортом. Этот продукт является источником цитруллина и доступен в капсулах, а также в порошке. Он разработан для активных людей, стремящихся увеличить эффективност",images/351/0.jpg,0
246,4032,БАД,1,Цитруллин малат аминокислоты спортивное питание,"Цитруллин малат аминокислоты спортивное питание представляет собой идеальный предтренировочный комплекс для тех, кто серьезно занимается спортом. Этот продукт является источником цитруллина и доступен в капсулах, а также в порошке. Он разработан для активных людей, стремящихся увеличить эффективност",images/4032/0.jpg,0
246,4256,БАД,1,Цитруллин малат аминокислоты спортивное питание,"Цитруллин малат аминокислоты спортивное питание представляет собой идеальный предтренировочный комплекс для тех, кто серьезно занимается спортом. Этот продукт является источником цитруллина и доступен в капсулах, а также в порошке. Он разработан для активных людей, стремящихся увеличить эффективност",images/4256/0.jpg,0
246,16967,БАД,1,Цитруллин малат аминокислоты спортивное питание,"Цитруллин малат аминокислоты спортивное питание представляет собой идеальный предтренировочный комплекс для тех, кто серьезно занимается спортом. Этот продукт является источником цитруллина и доступен в капсулах, а также в порошке. Он разработан для активных людей, стремящихся увеличить эффективност",images/16967/0.jpg,0
304,5586,БАД,0,"Гидрокситриптофан NOW 5-HTP 200mg 60 vcaps, Нау 5htp 200мг","НАУ 5 htp (5htp, 5 нтр) растительный антидепрессант, 200мг 60 капсул NOW. Верни хорошее настроение и улучшай здоровье вместе с 5-НТР от американского бренда Now Foods.<br/><br/>Польза натурального 5НТР для организма:<br/><br/>- повышение мотивации,<br/><br/>- улучшение качества сна,<br/><br/>- стаби",images/5586/0.jpg,1
304,440,БАД,1,"Гидрокситриптофан NOW 5-HTP 200mg 60 vcaps, Нау 5htp 200мг","НАУ 5 htp (5htp, 5 нтр) растительный антидепрессант, 200мг 60 капсул NOW. Верни хорошее настроение и улучшай здоровье вместе с 5-НТР от американского бренда Now Foods.<br/><br/>Польза натурального 5НТР для организма:<br/><br/>- повышение мотивации,<br/><br/>- улучшение качества сна,<br/><br/>- стаби",images/440/0.jpg,1
356,11462,БАД,0,Рутин 100 капсул 450 мг для сосудов,"Рутин — это биофлавоноид, который является незаменимым для организма человека, так как рутин, не может быть синтезирован самостоятельно.  Рутин имеет множество полезных свойств, таких как укрепление сосудов, рутин улучшение кровообращения и защита клеток от свободных радикалов. Принимая рутин внутрь",images/11462/0.jpg,1
356,514,БАД,1,Рутин 100 капсул 450 мг для сосудов,"Рутин — это биофлавоноид, который является незаменимым для организма человека, так как рутин, не может быть синтезирован самостоятельно.  Рутин имеет множество полезных свойств, таких как укрепление сосудов, рутин улучшение кровообращения и защита клеток от свободных радикалов. Принимая рутин внутрь",images/514/0.jpg,1
356,2965,БАД,1,Рутин 100 капсул 450 мг для сосудов,"Рутин — это биофлавоноид, который является незаменимым для организма человека, так как рутин, не может быть синтезирован самостоятельно.  Рутин имеет множество полезных свойств, таких как укрепление сосудов, рутин улучшение кровообращения и защита клеток от свободных радикалов. Принимая рутин внутрь",images/2965/0.jpg,1
356,6437,БАД,1,Рутин 100 капсул 450 мг для сосудов,"Рутин — это биофлавоноид, который является незаменимым для организма человека, так как рутин, не может быть синтезирован самостоятельно.  Рутин имеет множество полезных свойств, таких как укрепление сосудов, рутин улучшение кровообращения и защита клеток от свободных радикалов. Принимая рутин внутрь",images/6437/0.jpg,1
356,7147,БАД,1,Рутин 100 капсул 450 мг для сосудов,"Рутин — это биофлавоноид, который является незаменимым для организма человека, так как рутин, не может быть синтезирован самостоятельно.  Рутин имеет множество полезных свойств, таких как укрепление сосудов, рутин улучшение кровообращения и защита клеток от свободных радикалов. Принимая рутин внутрь",images/7147/0.jpg,1
356,9950,БАД,1,БАД для иммунитета,"Рутин — это биофлавоноид, который является незаменимым для организма человека, так как рутин, не может быть синтезирован самостоятельно.  Рутин имеет множество полезных свойств, таких как укрепление сосудов, рутин улучшение кровообращения и защита клеток от свободных радикалов. Принимая рутин внутрь",images/9950/0.jpg,1
356,10560,БАД,1,Рутин 100 капсул 450 мг для сосудов,"Рутин — это биофлавоноид, который является незаменимым для организма человека, так как рутин, не может быть синтезирован самостоятельно.  Рутин имеет множество полезных свойств, таких как укрепление сосудов, рутин улучшение кровообращения и защита клеток от свободных радикалов. Принимая рутин внутрь",images/10560/0.jpg,1
356,10563,БАД,1,БАД для иммунитета,"Рутин — это биофлавоноид, который является незаменимым для организма человека, так как рутин, не может быть синтезирован самостоятельно.  Рутин имеет множество полезных свойств, таких как укрепление сосудов, рутин улучшение кровообращения и защита клеток от свободных радикалов. Принимая рутин внутрь",images/10563/0.jpg,1
356,12766,БАД,1,Рутин 100 капсул 450 мг для сосудов,"Рутин — это биофлавоноид, который является незаменимым для организма человека, так как рутин, не может быть синтезирован самостоятельно.  Рутин имеет множество полезных свойств, таких как укрепление сосудов, рутин улучшение кровообращения и защита клеток от свободных радикалов. Принимая рутин внутрь",images/12766/0.jpg,1
356,14625,БАД,1,Рутин 100 капсул 450 мг для сосудов,"Рутин — это биофлавоноид, который является незаменимым для организма человека, так как рутин, не может быть синтезирован самостоятельно.  Рутин имеет множество полезных свойств, таких как укрепление сосудов, рутин улучшение кровообращения и защита клеток от свободных радикалов. Принимая рутин внутрь",images/14625/0.jpg,1
356,17063,БАД,1,Рутин 100 капсул 450 мг для сосудов,"Рутин — это биофлавоноид, который является незаменимым для организма человека, так как рутин, не может быть синтезирован самостоятельно.  Рутин имеет множество полезных свойств, таких как укрепление сосудов, рутин улучшение кровообращения и защита клеток от свободных радикалов. Принимая рутин внутрь",images/17063/0.jpg,1
380,553,БАД,0,"Таблетки для похудения, капсулы для снижения аппетита","Продукт НЕ относится к категории БАД. Продукт относится к категории жиросжигателей, спортивное питание. Сертификат и декларация качества прилагаются. таблетки для похудения эффективное и безопасное средство, которое борется с жировыми отложениями. Препарат  подавляет аппетит, снижает чувство голода ",images/553/0.jpg,0
380,3272,БАД,0,"Таблетки для похудения, капсулы для снижения аппетита","Продукт НЕ относится к категории БАД. Продукт относится к категории жиросжигателей, спортивное питание. Сертификат и декларация качества прилагаются. таблетки для похудения эффективное и безопасное средство, которое борется с жировыми отложениями. Препарат  подавляет аппетит, снижает чувство голода ",images/3272/0.jpg,0
380,3061,БАД,1,"Таблетки для похудения, капсулы для снижения аппетита","Продукт НЕ относится к категории БАД. Продукт относится к категории жиросжигателей, спортивное питание. Сертификат и декларация качества прилагаются. таблетки для похудения эффективное и безопасное средство, которое борется с жировыми отложениями. Препарат  подавляет аппетит, снижает чувство голода ",images/3061/0.jpg,0
438,653,БАД,0,Ультимэйт БЦА 12000 228 г Grape,"Ароматизированный BCAA Powder 12,000 228 грамм, Виноград от Ultimate Nutrition - это аминокислоты, способствующие росту мышц и ускоряющие их восстановление. Каждая порция содержит 6000 мг незаменимых аминокислот BCAA (лейцин, валин, изолейцин). ВСАА обеспечивают дополнительные преимущества при трени",images/653/0.jpg,0
438,7455,БАД,0,Ультимэйт БЦА 12000 228 г Grape.,"Ароматизированный BCAA Powder 12,000 228 грамм, Виноград от Ultimate Nutrition - это аминокислоты, способствующие росту мышц и ускоряющие их восстановление. Каждая порция содержит 6000 мг незаменимых аминокислот BCAA (лейцин, валин, изолейцин). ВСАА обеспечивают дополнительные преимущества при трени",images/7455/0.jpg,0
438,15178,БАД,0,Ультимэйт БЦА 12000 228 г Grape..,"Ароматизированный BCAA Powder 12,000 228 грамм, Виноград от Ultimate Nutrition - это аминокислоты, способствующие росту мышц и ускоряющие их восстановление. Каждая порция содержит 6000 мг незаменимых аминокислот BCAA (лейцин, валин, изолейцин). ВСАА обеспечивают дополнительные преимущества при трени",images/15178/0.jpg,0
438,932,БАД,1,Ультимэйт БЦА 12000 228 г Grape,"Ароматизированный BCAA Powder 12,000 228 грамм, Виноград от Ultimate Nutrition - это аминокислоты, способствующие росту мышц и ускоряющие их восстановление. Каждая порция содержит 6000 мг незаменимых аминокислот BCAA (лейцин, валин, изолейцин). ВСАА обеспечивают дополнительные преимущества при трени",images/932/0.jpg,0
438,5023,БАД,1,Ультимэйт БЦА 12000 228 г Grape.,"Ароматизированный BCAA Powder 12,000 228 грамм, Виноград от Ultimate Nutrition - это аминокислоты, способствующие росту мышц и ускоряющие их восстановление. Каждая порция содержит 6000 мг незаменимых аминокислот BCAA (лейцин, валин, изолейцин). ВСАА обеспечивают дополнительные преимущества при трени",images/5023/0.jpg,0
438,7276,БАД,1,Ультимэйт БЦА 12000 228 г Grape..,"Ароматизированный BCAA Powder 12,000 228 грамм, Виноград от Ultimate Nutrition - это аминокислоты, способствующие росту мышц и ускоряющие их восстановление. Каждая порция содержит 6000 мг незаменимых аминокислот BCAA (лейцин, валин, изолейцин). ВСАА обеспечивают дополнительные преимущества при трени",images/7276/0.jpg,0
476,7821,БАД,0,BCAA комплекс аминокислот R-Line,"Спортивное питание BCAA из коллекции бренда Рлайн - многокомпонентный продукт для рельефного тела и упругих мышц. Аминокислоты L - лейцин, L - изолейцин и L - валин не синтезируются в организме самостоятельно, но важны для наращивания мускулатуры или сохранения уже достигнутого результата. Входящие ",images/7821/0.jpg,0
476,715,БАД,1,"BCAA Rline БЦА 2 1 1, Р лайн аминокислоты капсулы","Спортивное питание BCAA из коллекции бренда Рлайн - многокомпонентный продукт для рельефного тела и упругих мышц. Аминокислоты L - лейцин, L - изолейцин и L - валин не синтезируются в организме самостоятельно, но важны для наращивания мускулатуры или сохранения уже достигнутого результата. Входящие ",images/715/0.jpg,0
677,1023,БАД,0,Мощный жиросжигатель в капсулах для похудения и снижения веса,"Продукт НЕ относится к категории БАД. Продукт относится к категории жиросжигателей, спортивное питание. Сертификат и декларация качества прилагаются.<br/><br/>Препарат снижает вес, моделирует силуэт, контролирует аппетит. Таблетки снижают тягу к сладкому, подавляют чувство голода. Этот комплекс для ",images/1023/0.jpg,0
677,6744,БАД,0,Мощный жиросжигатель в капсулах для похудения и снижения веса,"Продукт НЕ относится к категории БАД. Продукт относится к категории жиросжигателей, спортивное питание. Сертификат и декларация качества прилагаются.<br/><br/>Препарат снижает вес, моделирует силуэт, контролирует аппетит. Таблетки снижают тягу к сладкому, подавляют чувство голода. Этот комплекс для ",images/6744/0.jpg,0
677,6894,БАД,1,Мощный жиросжигатель в капсулах для похудения и снижения веса,"Продукт НЕ относится к категории БАД. Продукт относится к категории жиросжигателей, спортивное питание. Сертификат и декларация качества прилагаются.<br/><br/>Препарат снижает вес, моделирует силуэт, контролирует аппетит. Таблетки снижают тягу к сладкому, подавляют чувство голода. Этот комплекс для ",images/6894/0.jpg,0
677,10758,БАД,1,Мощный жиросжигатель в капсулах для похудения и снижения веса,"Продукт НЕ относится к категории БАД. Продукт относится к категории жиросжигателей, спортивное питание. Сертификат и декларация качества прилагаются.<br/><br/>Препарат снижает вес, моделирует силуэт, контролирует аппетит. Таблетки снижают тягу к сладкому, подавляют чувство голода. Этот комплекс для ",images/10758/0.jpg,0
677,12412,БАД,1,Мощный жиросжигатель в капсулах для похудения и снижения веса,"Продукт НЕ относится к категории БАД. Продукт относится к категории жиросжигателей, спортивное питание. Сертификат и декларация качества прилагаются.<br/><br/>Препарат снижает вес, моделирует силуэт, контролирует аппетит. Таблетки снижают тягу к сладкому, подавляют чувство голода. Этот комплекс для ",images/12412/0.jpg,0
677,16554,БАД,1,Мощный жиросжигатель в капсулах для похудения и снижения веса,"Продукт НЕ относится к категории БАД. Продукт относится к категории жиросжигателей, спортивное питание. Сертификат и декларация качества прилагаются.<br/><br/>Препарат снижает вес, моделирует силуэт, контролирует аппетит. Таблетки снижают тягу к сладкому, подавляют чувство голода. Этот комплекс для ",images/16554/0.jpg,0
677,17544,БАД,1,Мощный жиросжигатель в капсулах для похудения и снижения веса,"Продукт НЕ относится к категории БАД. Продукт относится к категории жиросжигателей, спортивное питание. Сертификат и декларация качества прилагаются.<br/><br/>Препарат снижает вес, моделирует силуэт, контролирует аппетит. Таблетки снижают тягу к сладкому, подавляют чувство голода. Этот комплекс для ",images/17544/0.jpg,0
759,1174,БАД,0,OstroVit L-Carnitine Жиросжигатель Л-Карнитин 90 капсул,"OSTROVIT L-CARNITINE 1000<br/><br/>OstroVit L-Carnitine 1000 — это пищевая добавка, которая является источником высококачественного тартрата L-карнитина. Продукт предназначен для физически активных людей, желающих похудеть. L-карнитин является одним из самых популярных веществ, используемых потребит",images/1174/0.jpg,0
759,1368,БАД,1,Жиросжигатель ОстроВит Л-Карнитин OstroVit L-Carnitine 90 капсул,"OSTROVIT L-CARNITINE 1000<br/><br/>OstroVit L-Carnitine 1000 — это пищевая добавка, которая является источником высококачественного тартрата L-карнитина. Продукт предназначен для физически активных людей, желающих похудеть. L-карнитин является одним из самых популярных веществ, используемых потребит",images/1368/0.jpg,0
766,1192,БАД,0,"Hot pepper / Горячий Перец капсулы для похудения, препарат для лишнего веса","Hot Pepper — французкий эффективный продукт для похудения и снижения веса. Капсулы понижают тягу к сладкому, подавляют чувство голода. Сильный спортивный жиросжигатель помогает с уменьшением объемов, коррекцией фигуры, сжиганием жира без диет. Препарат для борьбы с лишним весом борется с замедленным",images/1192/0.jpg,0
766,1618,БАД,0,"Hot pepper / Горячий Перец капсулы для похудения, препарат для лишнего веса","Hot Pepper — французкий эффективный продукт для похудения и снижения веса. Капсулы понижают тягу к сладкому, подавляют чувство голода. Сильный спортивный жиросжигатель помогает с уменьшением объемов, коррекцией фигуры, сжиганием жира без диет. Препарат для борьбы с лишним весом борется с замедленным",images/1618/0.jpg,0
766,1754,БАД,0,Препарат для похудения снижение веса LIPOFORM,"<p>LIPOFORM – натуральный жиросжигатель от DeisiFarm, разработанный для эффективного похудения. В основе формулы – L-карнитин, экстракты зеленого чая, гарцинии и кайенского перца, а также витамин Е и семена льна. Компоненты работают комплексно: ускоряют метаболизм, снижают аппетит и блокируют накопл",images/1754/0.jpg,0
766,1807,БАД,0,"Hot pepper / Горячий Перец капсулы для похудения, препарат для лишнего веса","Hot Pepper — французкий эффективный продукт для похудения и снижения веса. Капсулы понижают тягу к сладкому, подавляют чувство голода. Сильный спортивный жиросжигатель помогает с уменьшением объемов, коррекцией фигуры, сжиганием жира без диет. Препарат для борьбы с лишним весом борется с замедленным",images/1807/0.jpg,0
766,4698,БАД,0,"Hot pepper / Горячий Перец капсулы для похудения, препарат для лишнего веса","Hot Pepper — французкий эффективный продукт для похудения и снижения веса. Капсулы понижают тягу к сладкому, подавляют чувство голода. Сильный спортивный жиросжигатель помогает с уменьшением объемов, коррекцией фигуры, сжиганием жира без диет. Препарат для борьбы с лишним весом борется с замедленным",images/4698/0.jpg,0
766,12797,БАД,0,"Таблетки для похудения Hot Pepper, мощный жиросжигатель против лишнего веса","Hot Pepper — французкий эффективный продукт для похудения и снижения веса. Капсулы понижают тягу к сладкому, подавляют чувство голода. Сильный спортивный жиросжигатель помогает с уменьшением объемов, коррекцией фигуры, сжиганием жира без диет. Препарат для борьбы с лишним весом борется с замедленным",images/12797/0.jpg,0
766,14723,БАД,0,"Hot pepper / Горячий Перец капсулы для похудения, препарат для лишнего веса","Hot Pepper — французкий эффективный продукт для похудения и снижения веса. Капсулы понижают тягу к сладкому, подавляют чувство голода. Сильный спортивный жиросжигатель помогает с уменьшением объемов, коррекцией фигуры, сжиганием жира без диет. Препарат для борьбы с лишним весом борется с замедленным",images/14723/0.jpg,0
766,16217,БАД,0,"Hot pepper / Горячий Перец капсулы для похудения, препарат для лишнего веса","Hot Pepper — французкий эффективный продукт для похудения и снижения веса. Капсулы понижают тягу к сладкому, подавляют чувство голода. Сильный спортивный жиросжигатель помогает с уменьшением объемов, коррекцией фигуры, сжиганием жира без диет. Препарат для борьбы с лишним весом борется с замедленным",images/16217/0.jpg,0
766,15042,БАД,1,Препарат для похудения снижение веса,"Начните свой путь к стройности сегодня. Бад Lipoform - это инновационный жиросжигатель, разработанный специально для помощи в похудении и снижении веса. Он содержит уникальную комбинацию активных компонентов, которые помогают ускорить метаболизм, сжигать жир и подавлять аппетит. Главным активным ком",images/15042/0.jpg,1
766,16151,БАД,1,Препарат для похудения снижение веса,"Начните свой путь к стройности сегодня. Бад Lipoform - это инновационный жиросжигатель, разработанный специально для помощи в похудении и снижении веса. Он содержит уникальную комбинацию активных компонентов, которые помогают ускорить метаболизм, сжигать жир и подавлять аппетит. Главным активным ком",images/16151/0.jpg,1
766,16281,БАД,1,Препарат для похудения снижение веса,"Начните свой путь к стройности сегодня. Бад Lipoform - это инновационный жиросжигатель, разработанный специально для помощи в похудении и снижении веса. Он содержит уникальную комбинацию активных компонентов, которые помогают ускорить метаболизм, сжигать жир и подавлять аппетит. Главным активным ком",images/16281/0.jpg,1
771,8309,БАД,0,Dr.Health Цинка Цитрат 25мг 60 таблеток,"Цинк уменьшает длительность простудных заболеваний. Снижает риск развития возрастной макулодистрофии. Замедляет старение. Оказывает профилактику неврологических и депрессивных расстройств. Ускоряет процесс регенерации кожи, повышает её эластичность. Борется с причинами появления прыщей и угрей. Цинк",images/8309/0.jpg,0
771,1201,БАД,1,"Цинк цитрат Dr.Health в таблетках 25 мг 30 шт для мужчин и женщин / пищевая добавка для здоровья организма, повышения иммунитета, эластичности кожи","Цитрат цинка бренда Dr.Health обеспечивает повышение иммунитета и увеличение эластичности кожи. БАД насыщает организм микроэлементами, способствует укреплению иммунной системы, улучшению обмена веществ. Биодобавка к питанию эффективна против прыщей и при снижении работоспособности. Препарат стимулир",images/1201/0.jpg,1
771,3740,БАД,1,"Цинк цитрат Dr.Health в таблетках 25 мг 60 шт для мужчин и женщин / пищевая добавка для здоровья организма, повышения иммунитета, эластичности кожи","Цитрат цинка бренда Dr.Health обеспечивает повышение иммунитета и увеличение эластичности кожи. БАД насыщает организм микроэлементами, способствует укреплению иммунной системы, улучшению обмена веществ. Биодобавка к питанию эффективна против прыщей и при снижении работоспособности. Препарат стимулир",images/3740/0.jpg,1
771,11686,БАД,1,"Цинк цитрат Dr.Health в таблетках 25 мг 30 шт для мужчин и женщин / пищевая добавка для здоровья организма, повышения иммунитета, эластичности кожи","Цитрат цинка бренда Dr.Health обеспечивает повышение иммунитета и увеличение эластичности кожи. БАД насыщает организм микроэлементами, способствует укреплению иммунной системы, улучшению обмена веществ. Биодобавка к питанию эффективна против прыщей и при снижении работоспособности. Препарат стимулир",images/11686/0.jpg,1
771,18157,БАД,1,"Цинк цитрат Dr.Health в таблетках 25 мг 90 шт для мужчин и женщин / пищевая добавка для здоровья организма, повышения иммунитета, эластичности кожи","Цитрат цинка бренда Dr.Health обеспечивает повышение иммунитета и увеличение эластичности кожи. БАД насыщает организм микроэлементами, способствует укреплению иммунной системы, улучшению обмена веществ. Биодобавка к питанию эффективна против прыщей и при снижении работоспособности. Препарат стимулир",images/18157/0.jpg,1
789,9671,БАД,0,"Янтарная кислота EGENY с соком граната 15 стиков питьевая, для энергии, укрепления иммунитета, для похудения, для кожи, волос и ногтей, для сердца и почек","Представьте себе природный эликсир, который не только полезен для здоровья, но и приятен на вкус. Именно такой продукт предлагает компания EGENY - янтарную кислоту в удобных стиках. Это не просто очередная пищевая добавка, а настоящий помощник для вашего организма.<br/><br/>Янтарная кислота EGENY ун",images/9671/0.jpg,0
789,1237,БАД,1,"Янтарная кислота питьевая EGENY с соком граната 30 стиков, для энергии, укрепления иммунитета, для похудения, для кожи, волос и ногтей. Витамины для сердца и почек","Представьте себе природный эликсир, который не только полезен для здоровья, но и приятен на вкус. Именно такой продукт предлагает компания EGENY - янтарную кислоту в удобных стиках. Это не просто очередная биологически активная добавка, а настоящий помощник для вашего организма. <br/><br/>Янтарная к",images/1237/0.jpg,0
789,16665,БАД,1,"Янтарная кислота питьевая EGENY с соком граната 15 стиков, для энергии, укрепления иммунитета, для похудения, для кожи, волос и ногтей. Витамины для сердца и почек","Представьте себе природный эликсир, который не только полезен для здоровья, но и приятен на вкус. Именно такой продукт предлагает компания EGENY - янтарную кислоту в удобных стиках. Это не просто очередная биологически активная добавка, а настоящий помощник для вашего организма. <br/><br/>Янтарная к",images/16665/0.jpg,0
828,1298,БАД,0,FASHION GIRL капсулы для похудения и снижения веса,"Продукт НЕ относится к категории БАД. Продукт относится к категории жиросжигателей, спортивное питание. Сертификат и декларация качества прилагаются.

Капсулы Fashion girl – безопасный и эффективный способ создания красивой стройной фигуры за несколько недель. Натуральный состав пищевой добавки отли",images/1298/0.jpg,0
828,2767,БАД,0,FASHION GIRL капсулы для похудения и снижения веса,"Продукт НЕ относится к категории БАД. Продукт относится к категории жиросжигателей, спортивное питание. Сертификат и декларация качества прилагаются.

Капсулы Fashion girl – безопасный и эффективный способ создания красивой стройной фигуры за несколько недель. Натуральный состав пищевой добавки отли",images/2767/0.jpg,0
828,11075,БАД,0,FASHION GIRL капсулы для похудения и снижения веса,"Продукт НЕ относится к категории БАД. Продукт относится к категории жиросжигателей, спортивное питание. Сертификат и декларация качества прилагаются.

Капсулы Fashion girl – безопасный и эффективный способ создания красивой стройной фигуры за несколько недель. Натуральный состав пищевой добавки отли",images/11075/0.jpg,0
828,11526,БАД,0,FASHION GIRL капсулы для похудения и снижения веса,"Продукт НЕ относится к категории БАД. Продукт относится к категории жиросжигателей, спортивное питание. Сертификат и декларация качества прилагаются.

Капсулы Fashion girl – безопасный и эффективный способ создания красивой стройной фигуры за несколько недель. Натуральный состав пищевой добавки отли",images/11526/0.jpg,0
828,11889,БАД,0,FASHION GIRL капсулы для похудения и снижения веса,"Продукт НЕ относится к категории БАД. Продукт относится к категории жиросжигателей, спортивное питание. Сертификат и декларация качества прилагаются.

Капсулы Fashion girl – безопасный и эффективный способ создания красивой стройной фигуры за несколько недель. Натуральный состав пищевой добавки отли",images/11889/0.jpg,0
828,12861,БАД,0,FASHION GIRL капсулы для похудения и снижения веса,"Продукт НЕ относится к категории БАД. Продукт относится к категории жиросжигателей, спортивное питание. Сертификат и декларация качества прилагаются.

Капсулы Fashion girl – безопасный и эффективный способ создания красивой стройной фигуры за несколько недель. Натуральный состав пищевой добавки отли",images/12861/0.jpg,0
828,3408,БАД,1,FASHION GIRL капсулы для похудения и снижения веса,"Продукт НЕ относится к категории БАД. Продукт относится к категории жиросжигателей, спортивное питание. Сертификат и декларация качества прилагаются.

Капсулы Fashion girl – безопасный и эффективный способ создания красивой стройной фигуры за несколько недель. Натуральный состав пищевой добавки отли",images/3408/0.jpg,0
832,7911,БАД,0,Витаминно -минеральный комплекс для укрепления костей BoneUp 3 per day,"Основные компоненты: в 1 капсуле содержится витамин С — 33,3 мг, витамин D — 8,3 мкг, в том числе кальций — 333,3 мг. Полный перечень ингредиентов смотрите во вкладке «состав».
Заметили ломкость ногтей, выпадение волос? Пора задуматься о том, чтобы принимать его. Кальций в капсулах BONEUP 3 PER DAY ",images/7911/0.jpg,0
832,1304,БАД,1,"Пробиотики для детей -Dophilus Baby 3 billion CFU, 60 мл","Основные компоненты: в 1 ¼ чайной ложки запатентованная пробиотическая смесь — 32,7 мг. Полный перечень ингредиентов смотрите во вкладке «состав». Здоровая микрофлора детского кишечника — это основа крепкого иммунитета и хорошего самочувствия малыша. Для поддержания микрофлоры ребенка в течение перв",images/1304/0.jpg,0
832,3150,БАД,1,"БАД для укрепления иммунитета Beta Glucans 1,3, Стеариновая кислота в таблетках, 60 мл","Основной компонент: бета-1,3-глюканы (концентрат дрожжей) — 200 мг. Полный перечень компонентов смотрите во вкладке «состав». Бета-глюканы — вещества, которые способствуют укреплению иммунитета, стимулируют активность макрофагов, которые помогают организму бороться с инфекциями, и улучшают функцию и",images/3150/0.jpg,0
832,5057,БАД,1,"Крем для ухода за кожей с эффектом питания и восстановления, 50 мл","Крем разработан для полноценного ухода за кожей лица и тела. Его насыщенная формула помогает восстановить естественный баланс влаги, смягчает и разглаживает поверхность кожи. Регулярное применение способствует повышению упругости и эластичности, уменьшает ощущение сухости и стянутости, делает кожу б",images/5057/0.jpg,0
832,9102,БАД,1,"Витамин D3 Витамин D3 2000 ME в капсулах, 180 мл","Vitamin D3 2000 IU 180 капсул  Основные компоненты: Витамин D3 — 2000 ME (50 мкг) в 1 капсуле. Суточная дозировка — 1-2 капсулы. Полный перечень компонентов смотрите во вкладке «состав».  D3 — ключевой витамин для детей и взрослых, необходимый организму с внутриутробного развития и на протяжении все",images/9102/0.jpg,0
832,9346,БАД,1,"БАД для укрепления иммунитета Beta Glucans 1,3, Стеариновая кислота в таблетках, 60 мл","Основной компонент: бета-1,3-глюканы (концентрат дрожжей) — 200 мг. Полный перечень компонентов смотрите во вкладке «состав». Бета-глюканы — вещества, которые способствуют укреплению иммунитета, стимулируют активность макрофагов, которые помогают организму бороться с инфекциями, и улучшают функцию и",images/9346/0.jpg,0
906,1422,БАД,0,"Витамин С (Аскорбиновая кислота) для иммунитета Atletic Food Vitamin C 900 mg, 150 капсул","Аскорбиновая кислота улучшает усвоение белка и участвует в синтезе новых белков. Научно доказано, что витамин C обладает антикатаболическим действием за счет снижения уровня вырабатываемого кортизола.<br/><br/>Витамин C хорошо усваивается организмом, но так же быстро и покидает его, поэтому потребно",images/1422/0.jpg,1
906,9968,БАД,1,"Витамин С (Аскорбиновая кислота) для иммунитета Atletic Food Vitamin C 900 mg, 150 капсул","Аскорбиновая кислота улучшает усвоение белка и участвует в синтезе новых белков. Научно доказано, что витамин C обладает антикатаболическим действием за счет снижения уровня вырабатываемого кортизола.<br/><br/>Витамин C хорошо усваивается организмом, но так же быстро и покидает его, поэтому потребно",images/9968/0.jpg,1
907,1423,БАД,0,Ultra Keto power-life Натуральный комплекс для быстрого и безопасного похудение жиросжигатель .,"Ultra Keto Power life для быстрого похудения - самый мощный и безопасный концентрат пищевой. Средство для домашнего похудения. Блокатор калорий Кето Пауэр способствует подавлению аппетита, сжиганию жиров, уменьшению целлюлита. Эффективность: убрать лишний вес, живот и бока, быстрое похудение, возмож",images/1423/0.jpg,0
907,2342,БАД,1,Ultra Keto power-life Натуральный комплекс для быстрого и безопасного похудение жиросжигатель .,"Ultra Keto Power life для быстрого похудения - самый мощный и безопасный концентрат пищевой. Средство для домашнего похудения. Блокатор калорий Кето Пауэр способствует подавлению аппетита, сжиганию жиров, уменьшению целлюлита. Эффективность: убрать лишний вес, живот и бока, быстрое похудение, возмож",images/2342/0.jpg,0
985,1568,БАД,0,"Протеин TOP100 500 г соевый белковый для набора мышечной массы, похудения и спортивного питания / протеиновый изолят белка без сахара для мужчин и женщин","""Преимущества соевого протеина:<br/><br/>- Высокое содержание белка<br/><br/>- Полиненасыщенные жиры<br/><br/>- Богат витаминами группы В, минералами и микроэлементами<br/><br/>- Универсален в применении<br/><br/>- Экологически устойчивый<br/><br/>Protein бренда TOP100 оказывает выраженное воздейств",images/1568/0.jpg,0
985,13055,БАД,0,"Протеин TOP100 500 г соевый белковый для набора мышечной массы, похудения и спортивного питания / протеиновый изолят белка без сахара для мужчин и женщин","""Преимущества соевого протеина:<br/><br/>- Высокое содержание белка<br/><br/>- Полиненасыщенные жиры<br/><br/>- Богат витаминами группы В, минералами и микроэлементами<br/><br/>- Универсален в применении<br/><br/>- Экологически устойчивый<br/><br/>Protein бренда TOP100 оказывает выраженное воздейств",images/13055/0.jpg,0
985,15154,БАД,0,"Протеин TOP100 500 г соевый белковый для набора мышечной массы, похудения и спортивного питания / протеиновый изолят белка без сахара для мужчин и женщин","""Преимущества соевого протеина:<br/><br/>- Высокое содержание белка<br/><br/>- Полиненасыщенные жиры<br/><br/>- Богат витаминами группы В, минералами и микроэлементами<br/><br/>- Универсален в применении<br/><br/>- Экологически устойчивый<br/><br/>Protein бренда TOP100 оказывает выраженное воздейств",images/15154/0.jpg,0
985,3844,БАД,1,"Протеин TOP100 500 г соевый белковый для набора мышечной массы, похудения и спортивного питания / протеиновый изолят белка без сахара для мужчин и женщин","Преимущества соевого протеина: <br/><br/>- Высокое содержание белка <br/><br/>- Полиненасыщенные жиры <br/><br/>- Богат витаминами группы В, минералами и микроэлементами <br/><br/>- Универсален в применении <br/><br/>- Экологически устойчивый <br/><br/>Protein бренда TOP100 оказывает выраженное возд",images/3844/0.jpg,0
985,10101,БАД,1,"Протеин TOP100 500 г соевый белковый для набора мышечной массы, похудения и спортивного питания / протеиновый изолят белка без сахара для мужчин и женщин","Преимущества соевого протеина: <br/><br/>- Высокое содержание белка <br/><br/>- Полиненасыщенные жиры <br/><br/>- Богат витаминами группы В, минералами и микроэлементами <br/><br/>- Универсален в применении <br/><br/>- Экологически устойчивый <br/><br/>Protein бренда TOP100 оказывает выраженное возд",images/10101/0.jpg,0
985,11214,БАД,1,"Протеин TOP100 500 г соевый белковый для набора мышечной массы, похудения и спортивного питания / протеиновый изолят белка без сахара для мужчин и женщин","Преимущества соевого протеина: <br/><br/>- Высокое содержание белка <br/><br/>- Полиненасыщенные жиры <br/><br/>- Богат витаминами группы В, минералами и микроэлементами <br/><br/>- Универсален в применении <br/><br/>- Экологически устойчивый <br/><br/>Protein бренда TOP100 оказывает выраженное возд",images/11214/0.jpg,0
1014,1616,БАД,0,"Таблетки для похудения Bliss gold, мощный жиросжигатель против лишнего веса","Bliss gold — немецкий эффективный продукт для похудения и снижения веса. Капсулы понижают тягу к сладкому, подавляют чувство голода. Сильный спортивный жиросжигатель помогает с уменьшением объемов, коррекцией фигуры, сжиганием жира без диет. Препарат для борьбы с лишним весом борется с замедленным м",images/1616/0.jpg,0
1014,1917,БАД,0,Жиросжигатель для похудения капсулы Bliss gold,"Bliss gold — немецкий эффективный продукт для похудения и снижения веса. Капсулы понижают тягу к сладкому, подавляют чувство голода. Сильный спортивный жиросжигатель помогает с уменьшением объемов, коррекцией фигуры, сжиганием жира без диет. Препарат для борьбы с лишним весом борется с замедленным м",images/1917/0.jpg,0
1014,2020,БАД,0,Жиросжигатель для похудения капсулы Bliss gold,"Bliss gold — немецкий эффективный продукт для похудения и снижения веса. Капсулы понижают тягу к сладкому, подавляют чувство голода. Сильный спортивный жиросжигатель помогает с уменьшением объемов, коррекцией фигуры, сжиганием жира без диет. Препарат для борьбы с лишним весом борется с замедленным м",images/2020/0.jpg,0
1014,3155,БАД,0,Жиросжигатель для похудения капсулы Bliss gold,"Bliss gold — немецкий эффективный продукт для похудения и снижения веса. Капсулы понижают тягу к сладкому, подавляют чувство голода. Сильный спортивный жиросжигатель помогает с уменьшением объемов, коррекцией фигуры, сжиганием жира без диет. Препарат для борьбы с лишним весом борется с замедленным м",images/3155/0.jpg,0
1014,3606,БАД,0,"Таблетки для похудения Bliss gold, мощный жиросжигатель против лишнего веса","Bliss gold — немецкий эффективный продукт для похудения и снижения веса. Капсулы понижают тягу к сладкому, подавляют чувство голода. Сильный спортивный жиросжигатель помогает с уменьшением объемов, коррекцией фигуры, сжиганием жира без диет. Препарат для борьбы с лишним весом борется с замедленным м",images/3606/0.jpg,0
1014,3897,БАД,0,Жиросжигатель для похудения капсулы Bliss gold,"Bliss gold — немецкий эффективный продукт для похудения и снижения веса. Капсулы понижают тягу к сладкому, подавляют чувство голода. Сильный спортивный жиросжигатель помогает с уменьшением объемов, коррекцией фигуры, сжиганием жира без диет. Препарат для борьбы с лишним весом борется с замедленным м",images/3897/0.jpg,0
1014,6173,БАД,0,Жиросжигатель для похудения капсулы Bliss gold,"Bliss gold — немецкий эффективный продукт для похудения и снижения веса. Капсулы понижают тягу к сладкому, подавляют чувство голода. Сильный спортивный жиросжигатель помогает с уменьшением объемов, коррекцией фигуры, сжиганием жира без диет. Препарат для борьбы с лишним весом борется с замедленным м",images/6173/0.jpg,0
1014,7702,БАД,0,Жиросжигатель для похудения капсулы Bliss gold,"Bliss gold — немецкий эффективный продукт для похудения и снижения веса. Капсулы понижают тягу к сладкому, подавляют чувство голода. Сильный спортивный жиросжигатель помогает с уменьшением объемов, коррекцией фигуры, сжиганием жира без диет. Препарат для борьбы с лишним весом борется с замедленным м",images/7702/0.jpg,0
1014,8171,БАД,0,Жиросжигатель для похудения капсулы Bliss gold,"Bliss gold — немецкий эффективный продукт для похудения и снижения веса. Капсулы понижают тягу к сладкому, подавляют чувство голода. Сильный спортивный жиросжигатель помогает с уменьшением объемов, коррекцией фигуры, сжиганием жира без диет. Препарат для борьбы с лишним весом борется с замедленным м",images/8171/0.jpg,0
1014,10656,БАД,0,Жиросжигатель для похудения капсулы Bliss gold,"Bliss gold — немецкий эффективный продукт для похудения и снижения веса. Капсулы понижают тягу к сладкому, подавляют чувство голода. Сильный спортивный жиросжигатель помогает с уменьшением объемов, коррекцией фигуры, сжиганием жира без диет. Препарат для борьбы с лишним весом борется с замедленным м",images/10656/0.jpg,0
1014,10941,БАД,0,Жиросжигатель для похудения капсулы Bliss gold,"Bliss gold — немецкий эффективный продукт для похудения и снижения веса. Капсулы понижают тягу к сладкому, подавляют чувство голода. Сильный спортивный жиросжигатель помогает с уменьшением объемов, коррекцией фигуры, сжиганием жира без диет. Препарат для борьбы с лишним весом борется с замедленным м",images/10941/0.jpg,0
1014,18040,БАД,0,"Таблетки для похудения Bliss gold, мощный жиросжигатель против лишнего веса","Bliss gold — немецкий эффективный продукт для похудения и снижения веса. Капсулы понижают тягу к сладкому, подавляют чувство голода. Сильный спортивный жиросжигатель помогает с уменьшением объемов, коррекцией фигуры, сжиганием жира без диет. Препарат для борьбы с лишним весом борется с замедленным м",images/18040/0.jpg,0
1014,9814,БАД,1,"Таблетки для похудения Bliss gold, мощный жиросжигатель против лишнего веса","Bliss gold — немецкий эффективный продукт для похудения и снижения веса. Капсулы понижают тягу к сладкому, подавляют чувство голода. Сильный спортивный жиросжигатель помогает с уменьшением объемов, коррекцией фигуры, сжиганием жира без диет. Препарат для борьбы с лишним весом борется с замедленным м",images/9814/0.jpg,0
1014,11180,БАД,1,Жиросжигатель для похудения капсулы Bliss gold,"Bliss gold — немецкий эффективный продукт для похудения и снижения веса. Капсулы понижают тягу к сладкому, подавляют чувство голода. Сильный спортивный жиросжигатель помогает с уменьшением объемов, коррекцией фигуры, сжиганием жира без диет. Препарат для борьбы с лишним весом борется с замедленным м",images/11180/0.jpg,0
1015,1620,БАД,0,"Креатин моногидрат Dr.Health порошок 150 г, спортивное питание для взрослых / аминокислоты для повышения эффективности тренировок, выносливости, набора массы, укрепления мышц","Креатин бренда Dr.Health способствует повышению силы и выносливости для проведения максимально эффективных тренировок. В составе предтренировочного энергетика содержится creatine monohydrate, оказывающий комплексное действие. БАД выпускается в форме порошка (powder) и предназначен для приготовления ",images/1620/0.jpg,1
1015,3938,БАД,0,"Креатин моногидрат Dr.Health порошок 300 г, спортивное питание для взрослых / аминокислоты для повышения эффективности тренировок, выносливости, набора массы, укрепления мышц","Креатин бренда Dr.Health способствует повышению силы и выносливости для проведения максимально эффективных тренировок. В составе предтренировочного энергетика содержится creatine monohydrate, оказывающий комплексное действие. БАД выпускается в форме порошка (powder) и предназначен для приготовления ",images/3938/0.jpg,1
1015,6210,БАД,0,"Креатин моногидрат Dr.Health порошок 300 г, спортивное питание для взрослых / аминокислоты для повышения эффективности тренировок, выносливости, набора массы, укрепления мышц","Креатин бренда Dr.Health способствует повышению силы и выносливости для проведения максимально эффективных тренировок. В составе предтренировочного энергетика содержится creatine monohydrate, оказывающий комплексное действие. БАД выпускается в форме порошка (powder) и предназначен для приготовления ",images/6210/0.jpg,1
1015,7964,БАД,0,"Креатин моногидрат Dr.Health порошок 300 г, спортивное питание для взрослых / аминокислоты для повышения эффективности тренировок, выносливости, набора массы, укрепления мышц","Креатин бренда Dr.Health способствует повышению силы и выносливости для проведения максимально эффективных тренировок. В составе предтренировочного энергетика содержится creatine monohydrate, оказывающий комплексное действие. БАД выпускается в форме порошка (powder) и предназначен для приготовления ",images/7964/0.jpg,1
1015,8296,БАД,0,"Креатин моногидрат Dr.Health порошок 150 г, спортивное питание для взрослых / аминокислоты для повышения эффективности тренировок, выносливости, набора массы, укрепления мышц","Креатин бренда Dr.Health способствует повышению силы и выносливости для проведения максимально эффективных тренировок. В составе предтренировочного энергетика содержится creatine monohydrate, оказывающий комплексное действие. БАД выпускается в форме порошка (powder) и предназначен для приготовления ",images/8296/0.jpg,1
1015,12140,БАД,0,"Креатин моногидрат Dr.Health порошок 150 г, спортивное питание для взрослых / аминокислоты для повышения эффективности тренировок, выносливости, набора массы, укрепления мышц","Креатин бренда Dr.Health способствует повышению силы и выносливости для проведения максимально эффективных тренировок. В составе предтренировочного энергетика содержится creatine monohydrate, оказывающий комплексное действие. БАД выпускается в форме порошка (powder) и предназначен для приготовления ",images/12140/0.jpg,1
1015,13052,БАД,0,"Креатин моногидрат Dr.Health порошок 300 г, спортивное питание для взрослых / аминокислоты для повышения эффективности тренировок, выносливости, набора массы, укрепления мышц","Креатин бренда Dr.Health способствует повышению силы и выносливости для проведения максимально эффективных тренировок. В составе предтренировочного энергетика содержится creatine monohydrate, оказывающий комплексное действие. БАД выпускается в форме порошка (powder) и предназначен для приготовления ",images/13052/0.jpg,1
1015,16134,БАД,0,"Креатин моногидрат Dr.Health порошок 300 г, спортивное питание для взрослых / аминокислоты для повышения эффективности тренировок, выносливости, набора массы, укрепления мышц","Креатин бренда Dr.Health способствует повышению силы и выносливости для проведения максимально эффективных тренировок. В составе предтренировочного энергетика содержится creatine monohydrate, оказывающий комплексное действие. БАД выпускается в форме порошка (powder) и предназначен для приготовления ",images/16134/0.jpg,1
1015,16407,БАД,0,"Креатин моногидрат Dr.Health порошок 300 г, спортивное питание для взрослых / аминокислоты для повышения эффективности тренировок, выносливости, набора массы, укрепления мышц","Креатин бренда Dr.Health способствует повышению силы и выносливости для проведения максимально эффективных тренировок. В составе предтренировочного энергетика содержится creatine monohydrate, оказывающий комплексное действие. БАД выпускается в форме порошка (powder) и предназначен для приготовления ",images/16407/0.jpg,1
1015,5322,БАД,1,"Креатин моногидрат Dr.Health порошок 150 г, спортивное питание для взрослых / аминокислоты для повышения эффективности тренировок, выносливости, набора массы, укрепления мышц","Креатин бренда Dr.Health способствует повышению силы и выносливости для проведения максимально эффективных тренировок. В составе предтренировочного энергетика содержится creatine monohydrate, оказывающий комплексное действие. БАД выпускается в форме порошка (powder) и предназначен для приготовления ",images/5322/0.jpg,1
1075,2551,БАД,0,"L-карнитин Vitamuno жиросжигание,120 капсул","Витаминно-минеральный комплекс «МультиКомплекс» - сбалансированная формула для максимальной защиты организма. Оптимально подобранный состав витаминов и минералов способствует укреплению иммунитета, улучшению общего самочувствия, прибавке жизненных сил. Поддерживает сопротивляемость организма и воспо",images/2551/0.jpg,0
1075,3271,БАД,0,"L-карнитин Vitamuno жиросжигание,120 капсул","Витаминно-минеральный комплекс «МультиКомплекс» - сбалансированная формула для максимальной защиты организма. Оптимально подобранный состав витаминов и минералов способствует укреплению иммунитета, улучшению общего самочувствия, прибавке жизненных сил. Поддерживает сопротивляемость организма и воспо",images/3271/0.jpg,0
1075,16180,БАД,0,"L-карнитин Vitamuno жиросжигание,120 капсул","Витаминно-минеральный комплекс «МультиКомплекс» - сбалансированная формула для максимальной защиты организма. Оптимально подобранный состав витаминов и минералов способствует укреплению иммунитета, улучшению общего самочувствия, прибавке жизненных сил. Поддерживает сопротивляемость организма и воспо",images/16180/0.jpg,0
1075,1713,БАД,1,"L-Карнитин 400 мг, спортивное питание, витамины аминокислоты для коррекции веса, жиросжигатель для похудения / Л-карнитин, 120 капсул","L-карнитин - популярный спортивный жиросжигатель (БАД) для похудения.<br>* Усиливает сжигание жиров;<br>* Улучшает жировой обмен и транспорт жирных кислот в митохондрии мышц, где они расщепляются и преобразуются в энергию;<br>* Улучшает обмен веществ, нормализует деятельность сердечно-сосудистой сис",images/1713/0.jpg,0
1075,17461,БАД,1,"L-Карнитин 400 мг, спортивное питание, витамины аминокислоты для коррекции веса, жиросжигатель для похудения - Л-карнитин, 120 капсул","<p>L-карнитин - популярный спортивный жиросжигатель (БАД) для похудения.</p><ul><li>Усиливает сжигание жиров;</li><li>Улучшает жировой обмен и транспорт жирных кислот в митохондрии мышц, где они расщепляются и преобразуются в энергию;</li><li>Улучшает обмен веществ, нормализует деятельность сердечно",images/17461/0.jpg,0
1094,1741,БАД,0,Core Champs; RDX Pre-workout; 420g; Предтреник,"RDX – это высокоэффективный предтренировочный комплекс, разработанный для обеспечения длительной энергии, выраженного мышечного пампинга, улучшения концентрации и повышения физической работоспособности в процессе интенсивных тренировок. Уникальная формула, содержащая 14 граммов комплекса CORE RDX, о",images/1741/0.jpg,1
1094,2451,БАД,0,Core Champs; RDX Pre-workout; 420g; Предтреник,"RDX – это высокоэффективный предтренировочный комплекс, разработанный для обеспечения длительной энергии, выраженного мышечного пампинга, улучшения концентрации и повышения физической работоспособности в процессе интенсивных тренировок. Уникальная формула, содержащая 14 граммов комплекса CORE RDX, о",images/2451/0.jpg,1
1094,3193,БАД,0,Core Champs; RDX Pre-workout; 420g; Предтреник,"RDX – это высокоэффективный предтренировочный комплекс, разработанный для обеспечения длительной энергии, выраженного мышечного пампинга, улучшения концентрации и повышения физической работоспособности в процессе интенсивных тренировок. Уникальная формула, содержащая 14 граммов комплекса CORE RDX, о",images/3193/0.jpg,1
1094,3391,БАД,0,Core Champs; RDX Pre-workout; 420g; Предтреник,"RDX – это высокоэффективный предтренировочный комплекс, разработанный для обеспечения длительной энергии, выраженного мышечного пампинга, улучшения концентрации и повышения физической работоспособности в процессе интенсивных тренировок. Уникальная формула, содержащая 14 граммов комплекса CORE RDX, о",images/3391/0.jpg,1
1094,8042,БАД,0,Core Champs; RDX Pre-workout; 420g; Предтреник,"RDX – это высокоэффективный предтренировочный комплекс, разработанный для обеспечения длительной энергии, выраженного мышечного пампинга, улучшения концентрации и повышения физической работоспособности в процессе интенсивных тренировок. Уникальная формула, содержащая 14 граммов комплекса CORE RDX, о",images/8042/0.jpg,1
1094,15491,БАД,0,Core Champs; RDX Pre-workout; 420g; Предтреник,"RDX – это высокоэффективный предтренировочный комплекс, разработанный для обеспечения длительной энергии, выраженного мышечного пампинга, улучшения концентрации и повышения физической работоспособности в процессе интенсивных тренировок. Уникальная формула, содержащая 14 граммов комплекса CORE RDX, о",images/15491/0.jpg,1
1094,16214,БАД,0,Core Champs; RDX Pre-workout; 420g; Предтреник вкус манго,"RDX – это высокоэффективный предтренировочный комплекс, разработанный для обеспечения длительной энергии, выраженного мышечного пампинга, улучшения концентрации и повышения физической работоспособности в процессе интенсивных тренировок. Уникальная формула, содержащая 14 граммов комплекса CORE RDX, о",images/16214/0.jpg,1
1094,16744,БАД,0,Core Champs; RDX Pre-workout; 420g; Предтреник,"RDX – это высокоэффективный предтренировочный комплекс, разработанный для обеспечения длительной энергии, выраженного мышечного пампинга, улучшения концентрации и повышения физической работоспособности в процессе интенсивных тренировок. Уникальная формула, содержащая 14 граммов комплекса CORE RDX, о",images/16744/0.jpg,1
1094,9658,БАД,1,Core Champs; RDX Pre-workout; 420g; Предтреник,"RDX – это высокоэффективный предтренировочный комплекс, разработанный для обеспечения длительной энергии, выраженного мышечного пампинга, улучшения концентрации и повышения физической работоспособности в процессе интенсивных тренировок. Уникальная формула, содержащая 14 граммов комплекса CORE RDX, о",images/9658/0.jpg,1
1094,12654,БАД,1,Core Champs; RDX Pre-workout; 420g; Предтреник,"RDX – это высокоэффективный предтренировочный комплекс, разработанный для обеспечения длительной энергии, выраженного мышечного пампинга, улучшения концентрации и повышения физической работоспособности в процессе интенсивных тренировок. Уникальная формула, содержащая 14 граммов комплекса CORE RDX, о",images/12654/0.jpg,1
1094,13909,БАД,1,Core Champs; RDX Pre-workout; 420g; Предтреник,"RDX – это высокоэффективный предтренировочный комплекс, разработанный для обеспечения длительной энергии, выраженного мышечного пампинга, улучшения концентрации и повышения физической работоспособности в процессе интенсивных тренировок. Уникальная формула, содержащая 14 граммов комплекса CORE RDX, о",images/13909/0.jpg,1
1094,14810,БАД,1,Core Champs; RDX Pre-workout; 420g; Предтреник,"RDX – это высокоэффективный предтренировочный комплекс, разработанный для обеспечения длительной энергии, выраженного мышечного пампинга, улучшения концентрации и повышения физической работоспособности в процессе интенсивных тренировок. Уникальная формула, содержащая 14 граммов комплекса CORE RDX, о",images/14810/0.jpg,1
1094,15590,БАД,1,Core Champs; RDX Pre-workout; 420g; Предтреник,"RDX – это высокоэффективный предтренировочный комплекс, разработанный для обеспечения длительной энергии, выраженного мышечного пампинга, улучшения концентрации и повышения физической работоспособности в процессе интенсивных тренировок. Уникальная формула, содержащая 14 граммов комплекса CORE RDX, о",images/15590/0.jpg,1
1094,16055,БАД,1,Core Champs; RDX Pre-workout; 420g; Предтреник,"RDX – это высокоэффективный предтренировочный комплекс, разработанный для обеспечения длительной энергии, выраженного мышечного пампинга, улучшения концентрации и повышения физической работоспособности в процессе интенсивных тренировок. Уникальная формула, содержащая 14 граммов комплекса CORE RDX, о",images/16055/0.jpg,1
1094,16696,БАД,1,Core Champs; RDX Pre-workout; 420g; Предтреник,"RDX – это высокоэффективный предтренировочный комплекс, разработанный для обеспечения длительной энергии, выраженного мышечного пампинга, улучшения концентрации и повышения физической работоспособности в процессе интенсивных тренировок. Уникальная формула, содержащая 14 граммов комплекса CORE RDX, о",images/16696/0.jpg,1
1094,17714,БАД,1,Core Champs; RDX Pre-workout; 420g; Предтреник,"RDX – это высокоэффективный предтренировочный комплекс, разработанный для обеспечения длительной энергии, выраженного мышечного пампинга, улучшения концентрации и повышения физической работоспособности в процессе интенсивных тренировок. Уникальная формула, содержащая 14 граммов комплекса CORE RDX, о",images/17714/0.jpg,1
1110,10259,БАД,0,"Lishou, таблетки для похудения","Lishou, таблетки для похудения - это уникальное средство, которое поможет вам достичь желаемой формы и сохранить ее надолго. Эти капсулы содержат натуральные ингредиенты, такие как цветки и листья лотоса, пория кокосовидная, семена кассии торы, мед, сенна, апельсин, которые помогают активировать мет",images/10259/0.jpg,0
1110,15658,БАД,0,"Lishou, таблетки для похудения","Lishou, от торговой марки Deisifarm<br/><br/>Это инновационные таблетки для похудения, которые помогут быстро сбросить лишний вес и улучшить фигуру. Это жиросжигатель на основе натуральных компонентов, который эффективно сжигает жир, ускоряет метаболизм и подавляет аппетит. Главным активным компонен",images/15658/0.jpg,0
1110,1774,БАД,1,"Lishou, таблетки для похудения","Lishou, от торговой марки Deisifarm<br/><br/>Это инновационные таблетки для похудения, которые помогут быстро сбросить лишний вес и улучшить фигуру. Это жиросжигатель на основе натуральных компонентов, который эффективно сжигает жир, ускоряет метаболизм и подавляет аппетит. Главным активным компонен",images/1774/0.jpg,0
1110,4541,БАД,1,"Lishou, таблетки для похудения","Lishou, от торговой марки Deisifarm<br/><br/>Это инновационные таблетки для похудения, которые помогут быстро сбросить лишний вес и улучшить фигуру. Это жиросжигатель на основе натуральных компонентов, который эффективно сжигает жир, ускоряет метаболизм и подавляет аппетит. Главным активным компонен",images/4541/0.jpg,0
1110,4639,БАД,1,"Lishou, таблетки для похудения","Lishou, от торговой марки Deisifarm<br/><br/>Это инновационные таблетки для похудения, которые помогут быстро сбросить лишний вес и улучшить фигуру. Это жиросжигатель на основе натуральных компонентов, который эффективно сжигает жир, ускоряет метаболизм и подавляет аппетит. Главным активным компонен",images/4639/0.jpg,0
1110,6551,БАД,1,"Lishou, таблетки для похудения","Lishou, от торговой марки Deisifarm<br/><br/>Это инновационные таблетки для похудения, которые помогут быстро сбросить лишний вес и улучшить фигуру. Это жиросжигатель на основе натуральных компонентов, который эффективно сжигает жир, ускоряет метаболизм и подавляет аппетит. Главным активным компонен",images/6551/0.jpg,0
1110,7966,БАД,1,"Lishou, таблетки для похудения","Lishou, от торговой марки Deisifarm<br/><br/>Это инновационные таблетки для похудения, которые помогут быстро сбросить лишний вес и улучшить фигуру. Это жиросжигатель на основе натуральных компонентов, который эффективно сжигает жир, ускоряет метаболизм и подавляет аппетит. Главным активным компонен",images/7966/0.jpg,0
1110,12442,БАД,1,"Lishou, таблетки для похудения","Lishou, от торговой марки Deisifarm<br/><br/>Это инновационные таблетки для похудения, которые помогут быстро сбросить лишний вес и улучшить фигуру. Это жиросжигатель на основе натуральных компонентов, который эффективно сжигает жир, ускоряет метаболизм и подавляет аппетит. Главным активным компонен",images/12442/0.jpg,0
1111,1775,БАД,0,"Аминокислоты Scitec Nutrition BCAA+Glutamine Xpress Мохито в порошке, 300 мл","Основные компоненты: В 1 порции (12 г) ВCAA 2:1:1 (из них L-лейцин 2500 мг, L-изолейцин 1250 мг, L-валин 1250 мг) — 5000 мг, L-глутамин — 5000 мг, таурин — 300 мг. Полный перечень компонентов смотрите во вкладке «состав».   BCAA XPRESS от Scitec Nutrition — незаменимые аминокислоты ВСАА в соотношени",images/1775/0.jpg,0
1111,2079,БАД,1,Предтренировочный комплекс Scitec Nutrition BCAA+Glutamine Xpress Лонг Айленд в порошке 300 мл,"Основные компоненты: В 1 порции (12 г) ВCAA 2:1:1 (из них L-лейцин 2500 мг, L-изолейцин 1250 мг, L-валин 1250 мг) — 5000 мг, L-глутамин — 5000 мг, таурин — 300 мг. Полный перечень компонентов смотрите во вкладке «состав».   BCAA XPRESS от Scitec Nutrition — незаменимые аминокислоты ВСАА в соотношени",images/2079/0.jpg,0
1111,2479,БАД,1,Аминокислоты Scitec Nutrition BCAA+Glutamine Xpress арбуз в порошке 300 мл,"Основные компоненты: В 1 порции (12 г) ВCAA 2:1:1 (из них L-лейцин 2500 мг, L-изолейцин 1250 мг, L-валин 1250 мг) — 5000 мг, L-глутамин — 5000 мг, таурин — 300 мг. Полный перечень компонентов смотрите во вкладке «состав».   BCAA XPRESS от Scitec Nutrition — незаменимые аминокислоты ВСАА в соотношени",images/2479/0.jpg,0
1111,4983,БАД,1,"Аминокислоты Scitec Nutrition BCAA+Glutamine Xpress лайм в порошке, 300 мл","Основные компоненты: В 1 порции (12 г) ВCAA 2:1:1 (из них L-лейцин 2500 мг, L-изолейцин 1250 мг, L-валин 1250 мг) — 5000 мг, L-глутамин — 5000 мг, таурин — 300 мг. Полный перечень компонентов смотрите во вкладке «состав».   BCAA XPRESS от Scitec Nutrition — незаменимые аминокислоты ВСАА в соотношени",images/4983/0.jpg,0
1111,5228,БАД,1,"Аминокислоты Scitec Nutrition BCAA+Glutamine Xpress арбуз в порошке, 300 мл","Основные компоненты: В 1 порции (12 г) ВCAA 2:1:1 (из них L-лейцин 2500 мг, L-изолейцин 1250 мг, L-валин 1250 мг) — 5000 мг, L-глутамин — 5000 мг, таурин — 300 мг. Полный перечень компонентов смотрите во вкладке «состав».   BCAA XPRESS от Scitec Nutrition — незаменимые аминокислоты ВСАА в соотношени",images/5228/0.jpg,0
1111,5704,БАД,1,"Аминокислоты Scitec Nutrition BCAA+Glutamine Xpress Бабл Гам в порошке, 300 мл","Основные компоненты: В 1 порции (12 г) ВCAA 2:1:1 (из них L-лейцин 2500 мг, L-изолейцин 1250 мг, L-валин 1250 мг) — 5000 мг, L-глутамин — 5000 мг, таурин — 300 мг. Полный перечень компонентов смотрите во вкладке «состав».   BCAA XPRESS от Scitec Nutrition — незаменимые аминокислоты ВСАА в соотношени",images/5704/0.jpg,0
1111,7485,БАД,1,"Аминокислоты Scitec Nutrition BCAA+Glutamine Xpress Мохито в порошке, 300 мл","Основные компоненты: В 1 порции (12 г) ВCAA 2:1:1 (из них L-лейцин 2500 мг, L-изолейцин 1250 мг, L-валин 1250 мг) — 5000 мг, L-глутамин — 5000 мг, таурин — 300 мг. Полный перечень компонентов смотрите во вкладке «состав».   BCAA XPRESS от Scitec Nutrition — незаменимые аминокислоты ВСАА в соотношени",images/7485/0.jpg,0
1111,9758,БАД,1,"Аминокислоты Scitec Nutrition BCAA+Glutamine Xpress лайм в порошке, 300 мл","Основные компоненты: В 1 порции (12 г) ВCAA 2:1:1 (из них L-лейцин 2500 мг, L-изолейцин 1250 мг, L-валин 1250 мг) — 5000 мг, L-глутамин — 5000 мг, таурин — 300 мг. Полный перечень компонентов смотрите во вкладке «состав».   BCAA XPRESS от Scitec Nutrition — незаменимые аминокислоты ВСАА в соотношени",images/9758/0.jpg,0
1111,10185,БАД,1,"Аминокислоты Scitec Nutrition BCAA+Glutamine Xpress Бабл Гам в порошке, 300 мл","Основные компоненты: В 1 порции (12 г) ВCAA 2:1:1 (из них L-лейцин 2500 мг, L-изолейцин 1250 мг, L-валин 1250 мг) — 5000 мг, L-глутамин — 5000 мг, таурин — 300 мг. Полный перечень компонентов смотрите во вкладке «состав».   BCAA XPRESS от Scitec Nutrition — незаменимые аминокислоты ВСАА в соотношени",images/10185/0.jpg,0
1111,15073,БАД,1,"Аминокислоты Scitec Nutrition BCAA+Glutamine Xpress арбуз в порошке, 300 мл","Основные компоненты: В 1 порции (12 г) ВCAA 2:1:1 (из них L-лейцин 2500 мг, L-изолейцин 1250 мг, L-валин 1250 мг) — 5000 мг, L-глутамин — 5000 мг, таурин — 300 мг. Полный перечень компонентов смотрите во вкладке «состав».   BCAA XPRESS от Scitec Nutrition — незаменимые аминокислоты ВСАА в соотношени",images/15073/0.jpg,0
1145,10381,БАД,0,Куркума молотая натуральная с черным перцем в капсулах 150 шт.,"Куркума молотая натуральная с черным перцем в капсулах - это натуральный продукт, содержащий уникальное сочетание природных компонентов, которые улучшают здоровье. Главным активным ингредиентом является молотая куркума - корень растения из семейства имбирных. Она широко известна своими антиоксидантн",images/10381/0.jpg,0
1145,1828,БАД,1,Куркума молотая натуральная с черным перцем в капсулах 150 шт.,"В век промышленного питания витамины и минералы нужны как взрослым мужчинам и женщинам, так и детям. DioX Turmeric with black pepper - это натуральный продукт, содержащий уникальное сочетание природных компонентов, которые улучшают здоровье. Главным активным ингредиентом является молотая куркума - к",images/1828/0.jpg,0
1258,2039,БАД,0,"NAC ацетилцистеин, НАК NOW Foods NAC NAC Acetyl Cysteine 600mg (100 растительных капсул)","N-ацетилцистеин (NAC) ― это стабильная форма заменимой аминокислоты L-цистеина. Серосодержащая аминокислота, выполняющая роль стабилизатора при образовании белковых структур, а также необходимая для образования глутатиона. Селен является важными микроэлементом, который способствуют выработке несколь",images/2039/0.jpg,1
1258,7187,БАД,1,"Now Foods NAC, N-Ацетил L-Цистеин, Антиоксидант 600 мг - 100 капсул","Now Foods NAC ( N-Acetyl L-Cysteine ) -  Эффективный препарат для здоровья лёгких.<br/><br/>N-ацетилцистеин от Нау Фудс ― это стабильная форма заменимой аминокислоты L-цистеина. Серосодержащая аминокислота, выполняющая роль стабилизатора при образовании белковых структур, а также необходимая для обр",images/7187/0.jpg,1
1258,16115,БАД,1,"Now Foods NAC, N-Ацетил L-Цистеин, Антиоксидант 600 мг - 100 капсул","Now Foods NAC ( N-Acetyl L-Cysteine ) -  Эффективный препарат для здоровья лёгких.<br/><br/>N-ацетилцистеин от Нау Фудс ― это стабильная форма заменимой аминокислоты L-цистеина. Серосодержащая аминокислота, выполняющая роль стабилизатора при образовании белковых структур, а также необходимая для обр",images/16115/0.jpg,1
1292,2105,БАД,0,"Янтарная кислота EGENY с соком вишни 15 стиков питьевая, для энергии, укрепления иммунитета, для похудения, для кожи, волос и ногтей. Витамины для сердца и почек","Представьте себе природный эликсир, который не только полезен для здоровья, но и приятен на вкус. Именно такой продукт предлагает компания EGENY - янтарную кислоту в удобных стиках. Это не просто очередная пищевая добавка, а настоящий помощник для вашего организма.<br/><br/>Янтарная кислота EGENY ун",images/2105/0.jpg,0
1292,11517,БАД,1,"Янтарная кислота питьевая EGENY с соком вишни 30 стиков, для энергии, укрепления иммунитета, для похудения, для кожи, волос и ногтей. Витамины для сердца и почек","Представьте себе природный эликсир, который не только полезен для здоровья, но и приятен на вкус. Именно такой продукт предлагает компания EGENY - янтарную кислоту в удобных стиках. Это не просто очередная биологически активная добавка, а настоящий помощник для вашего организма. <br/><br/>Янтарная к",images/11517/0.jpg,0
1335,4011,БАД,0,"LIFE Extension Potassium Iodide таблs 130 mg, 14 табл.","Комплекс на основе йода и калия поддерживает здоровье щитовидной системы Бады для щитовидки. Эти вещества необходимы для оптимальной работы организма, играя важную роль в обмене веществ. Употребление таких добавок как калий йод благоприятно сказывается на функционировании органов и нервной системы. ",images/4011/0.jpg,1
1335,2175,БАД,1,Йод калий витамины для щитовидной железы для женщин,"Комплекс на основе йода и калия поддерживает здоровье щитовидной системы Бады для щитовидки. Эти вещества необходимы для оптимальной работы организма, играя важную роль в обмене веществ. Употребление таких добавок как калий йод благоприятно сказывается на функционировании органов и нервной системы. ",images/2175/0.jpg,1
1335,3079,БАД,1,Йод калий витамины для щитовидной железы для женщин,"Комплекс на основе йода и калия поддерживает здоровье щитовидной системы Бады для щитовидки. Эти вещества необходимы для оптимальной работы организма, играя важную роль в обмене веществ. Употребление таких добавок как калий йод благоприятно сказывается на функционировании органов и нервной системы. ",images/3079/0.jpg,1
1335,3194,БАД,1,Йод калий витамины для щитовидной железы для женщин,"Комплекс на основе йода и калия поддерживает здоровье щитовидной системы Бады для щитовидки. Эти вещества необходимы для оптимальной работы организма, играя важную роль в обмене веществ. Употребление таких добавок как калий йод благоприятно сказывается на функционировании органов и нервной системы. ",images/3194/0.jpg,1
1335,3845,БАД,1,Йод калий витамины для щитовидной железы для женщин,"Комплекс на основе йода и калия поддерживает здоровье щитовидной системы Бады для щитовидки. Эти вещества необходимы для оптимальной работы организма, играя важную роль в обмене веществ. Употребление таких добавок как калий йод благоприятно сказывается на функционировании органов и нервной системы. ",images/3845/0.jpg,1
1335,4967,БАД,1,"LIFE Extension Potassium Iodide таблs 130 mg, 14 табл..","Комплекс на основе йода и калия поддерживает здоровье щитовидной системы Бады для щитовидки. Эти вещества необходимы для оптимальной работы организма, играя важную роль в обмене веществ. Употребление таких добавок как калий йод благоприятно сказывается на функционировании органов и нервной системы. ",images/4967/0.jpg,1
1335,8884,БАД,1,"LIFE Extension Potassium Iodide таблs 130 mg, 14 табл..","Комплекс на основе йода и калия поддерживает здоровье щитовидной системы Бады для щитовидки. Эти вещества необходимы для оптимальной работы организма, играя важную роль в обмене веществ. Употребление таких добавок как калий йод благоприятно сказывается на функционировании органов и нервной системы. ",images/8884/0.jpg,1
1335,9090,БАД,1,Йод калий витамины для щитовидной железы для женщин,"Комплекс на основе йода и калия поддерживает здоровье щитовидной системы Бады для щитовидки. Эти вещества необходимы для оптимальной работы организма, играя важную роль в обмене веществ. Употребление таких добавок как калий йод благоприятно сказывается на функционировании органов и нервной системы. ",images/9090/0.jpg,1
1335,9865,БАД,1,Йод калий витамины для щитовидной железы для женщин,"Комплекс на основе йода и калия поддерживает здоровье щитовидной системы Бады для щитовидки. Эти вещества необходимы для оптимальной работы организма, играя важную роль в обмене веществ. Употребление таких добавок как калий йод благоприятно сказывается на функционировании органов и нервной системы. ",images/9865/0.jpg,1
1335,10343,БАД,1,"LIFE Extension Potassium Iodide таблs 130 mg, 14 табл","Комплекс на основе йода и калия поддерживает здоровье щитовидной системы Бады для щитовидки. Эти вещества необходимы для оптимальной работы организма, играя важную роль в обмене веществ. Употребление таких добавок как калий йод благоприятно сказывается на функционировании органов и нервной системы. ",images/10343/0.jpg,1
1335,10502,БАД,1,Йод калий витамины для щитовидной железы для женщин,"Комплекс на основе йода и калия поддерживает здоровье щитовидной системы Бады для щитовидки. Эти вещества необходимы для оптимальной работы организма, играя важную роль в обмене веществ. Употребление таких добавок как калий йод благоприятно сказывается на функционировании органов и нервной системы. ",images/10502/0.jpg,1
1335,11011,БАД,1,Йод калий витамины для щитовидной железы для женщин,"Комплекс на основе йода и калия поддерживает здоровье щитовидной системы Бады для щитовидки. Эти вещества необходимы для оптимальной работы организма, играя важную роль в обмене веществ. Употребление таких добавок как калий йод благоприятно сказывается на функционировании органов и нервной системы. ",images/11011/0.jpg,1
1335,12228,БАД,1,Йод калий витамины для щитовидной железы для женщин,"Комплекс на основе йода и калия поддерживает здоровье щитовидной системы Бады для щитовидки. Эти вещества необходимы для оптимальной работы организма, играя важную роль в обмене веществ. Употребление таких добавок как калий йод благоприятно сказывается на функционировании органов и нервной системы. ",images/12228/0.jpg,1
1335,12365,БАД,1,Йод калий витамины для щитовидной железы для женщин,"Комплекс на основе йода и калия поддерживает здоровье щитовидной системы Бады для щитовидки. Эти вещества необходимы для оптимальной работы организма, играя важную роль в обмене веществ. Употребление таких добавок как калий йод благоприятно сказывается на функционировании органов и нервной системы. ",images/12365/0.jpg,1
1335,14387,БАД,1,Йод калий витамины для щитовидной железы для женщин,"Комплекс на основе йода и калия поддерживает здоровье щитовидной системы Бады для щитовидки. Эти вещества необходимы для оптимальной работы организма, играя важную роль в обмене веществ. Употребление таких добавок как калий йод благоприятно сказывается на функционировании органов и нервной системы. ",images/14387/0.jpg,1
1335,16646,БАД,1,"LIFE Extension Potassium Iodide таблs 130 mg, 14 табл","Комплекс на основе йода и калия поддерживает здоровье щитовидной системы Бады для щитовидки. Эти вещества необходимы для оптимальной работы организма, играя важную роль в обмене веществ. Употребление таких добавок как калий йод благоприятно сказывается на функционировании органов и нервной системы. ",images/16646/0.jpg,1
1335,17427,БАД,1,"LIFE Extension Potassium Iodide таблs 130 mg, 14 табл.","Комплекс на основе йода и калия поддерживает здоровье щитовидной системы Бады для щитовидки. Эти вещества необходимы для оптимальной работы организма, играя важную роль в обмене веществ. Употребление таких добавок как калий йод благоприятно сказывается на функционировании органов и нервной системы. ",images/17427/0.jpg,1
1335,18315,БАД,1,Йод калий витамины для щитовидной железы для женщин,"Комплекс на основе йода и калия поддерживает здоровье щитовидной системы Бады для щитовидки. Эти вещества необходимы для оптимальной работы организма, играя важную роль в обмене веществ. Употребление таких добавок как калий йод благоприятно сказывается на функционировании органов и нервной системы. ",images/18315/0.jpg,1
1359,3744,БАД,0,Жиросжигатель для похудения в капсулах Black panthera Розовая пантера,"<p>Жиросжигатель для похудения в капсулах Black Panthera ""Розовая Пантера"" - это уникальный продукт, который поможет вам достичь желаемой формы и сохранить ее. Этот спортивный добавок содержит натуральные ингредиенты, такие как экстракты семян фенхеля, листьев ясеня, зеленого кофе, черного чая, корн",images/3744/0.jpg,0
1359,2218,БАД,1,Таблетки для похудения в капсулах Розовая пантера,"Жиросжигатель - идеальное решение для эффективного снижения веса как для мужчин, так и для женщин. Наш продукт специально разработан для тех, кто стремится достичь идеальной фигуры и получить контроль над своим аппетитом. С помощью нашего препарата вы сможете ускорить обмен веществ, что приведет к а",images/2218/0.jpg,0
1359,2539,БАД,1,Таблетки для похудения в капсулах Розовая пантера,"Жиросжигатель - идеальное решение для эффективного снижения веса как для мужчин, так и для женщин. Наш продукт специально разработан для тех, кто стремится достичь идеальной фигуры и получить контроль над своим аппетитом. С помощью нашего препарата вы сможете ускорить обмен веществ, что приведет к а",images/2539/0.jpg,0
1359,3282,БАД,1,Жиросжигатель Капсулы для похудения,"Не является БАД! Таблетки для похудения действует комплексно на жировые отложения живота, бедер, ягодиц, руках и др. Кроме того, препарат не только вытесняет существующие жировые клетки, но и предотвращает появление новых, восстанавливает эластичность и упругость кожи. Капсулы для похудения черная п",images/3282/0.jpg,0
1359,3446,БАД,1,Жиросжигатель Капсулы для похудения,"Не является БАД! Таблетки для похудения действует комплексно на жировые отложения живота, бедер, ягодиц, руках и др. Кроме того, препарат не только вытесняет существующие жировые клетки, но и предотвращает появление новых, восстанавливает эластичность и упругость кожи. Капсулы для похудения черная п",images/3446/0.jpg,0
1359,4264,БАД,1,Таблетки для похудения в капсулах Розовая пантера,"Жиросжигатель - идеальное решение для эффективного снижения веса как для мужчин, так и для женщин. Наш продукт специально разработан для тех, кто стремится достичь идеальной фигуры и получить контроль над своим аппетитом. С помощью нашего препарата вы сможете ускорить обмен веществ, что приведет к а",images/4264/0.jpg,0
1359,6010,БАД,1,Жиросжигатель Капсулы для похудения,"Не является БАД! Таблетки для похудения действует комплексно на жировые отложения живота, бедер, ягодиц, руках и др. Кроме того, препарат не только вытесняет существующие жировые клетки, но и предотвращает появление новых, восстанавливает эластичность и упругость кожи. Капсулы для похудения черная п",images/6010/0.jpg,0
1359,8767,БАД,1,Жиросжигатель Капсулы для похудения,"Не является БАД! Таблетки для похудения действует комплексно на жировые отложения живота, бедер, ягодиц, руках и др. Кроме того, препарат не только вытесняет существующие жировые клетки, но и предотвращает появление новых, восстанавливает эластичность и упругость кожи. Капсулы для похудения черная п",images/8767/0.jpg,0
1359,10592,БАД,1,Таблетки для похудения в капсулах Розовая пантера,"Жиросжигатель - идеальное решение для эффективного снижения веса как для мужчин, так и для женщин. Наш продукт специально разработан для тех, кто стремится достичь идеальной фигуры и получить контроль над своим аппетитом. С помощью нашего препарата вы сможете ускорить обмен веществ, что приведет к а",images/10592/0.jpg,0
1359,16668,БАД,1,Таблетки для похудения в капсулах Розовая пантера,"Жиросжигатель - идеальное решение для эффективного снижения веса как для мужчин, так и для женщин. Наш продукт специально разработан для тех, кто стремится достичь идеальной фигуры и получить контроль над своим аппетитом. С помощью нашего препарата вы сможете ускорить обмен веществ, что приведет к а",images/16668/0.jpg,0
1359,17442,БАД,1,Жиросжигатель Капсулы для похудения,"Не является БАД! Таблетки для похудения действует комплексно на жировые отложения живота, бедер, ягодиц, руках и др. Кроме того, препарат не только вытесняет существующие жировые клетки, но и предотвращает появление новых, восстанавливает эластичность и упругость кожи. Капсулы для похудения черная п",images/17442/0.jpg,0
1359,18255,БАД,1,Жиросжигатель Капсулы для похудения,"Не является БАД! Таблетки для похудения действует комплексно на жировые отложения живота, бедер, ягодиц, руках и др. Кроме того, препарат не только вытесняет существующие жировые клетки, но и предотвращает появление новых, восстанавливает эластичность и упругость кожи. Капсулы для похудения черная п",images/18255/0.jpg,0
1489,13744,БАД,0,"Жиросжигатель L-карнитин жидкий Strimex Carnistrim Liquid 3000 мг 20х25 мл, со вкусом лимон-маракуйя","Жиросжигатель Strimex Carnistrim Liquid – это уникальная жидкая формула, предлагающая эффективное решение для тех, кто стремится к идеальной фигуре и активному образу жизни. Каждый флакон содержит 3000 мг активных компонентов, и благодаря удобному объему в 25 мл, его легко добавить в ваш ежедневный ",images/13744/0.jpg,0
1489,2491,БАД,1,"Жиросжигатель L-карнитин жидкий Strimex Carnistrim Liquid 3000 мг 20х25 мл, со вкусом лимон-маракуйя","Жиросжигатель Strimex Carnistrim Liquid – это уникальная жидкая формула, предлагающая эффективное решение для тех, кто стремится к идеальной фигуре и активному образу жизни. Каждый флакон содержит 3000 мг активных компонентов, и благодаря удобному объему в 25 мл, его легко добавить в ваш ежедневный ",images/2491/0.jpg,0
1565,2634,БАД,0,Ultra Keto power-life Натуральный комплекс для быстрого и безопасного похудение жиросжигатель .,"Ultra Keto Power life для быстрого похудения - самый мощный и безопасный концентрат пищевой. Оригинальное средство для домашнего похудения. Блокатор калорий Кето Пауэр способствует подавлению аппетита, сжиганию жиров, уменьшению целлюлита. Эффективность: убрать лишний вес, живот и бока, быстрое поху",images/2634/0.jpg,0
1565,17841,БАД,1,Ultra Keto power-life Натуральный комплекс для быстрого и безопасного похудение жиросжигатель .,"Ultra Keto Power life для быстрого похудения - самый мощный и безопасный концентрат пищевой. Оригинальное средство для домашнего похудения. Блокатор калорий Кето Пауэр способствует подавлению аппетита, сжиганию жиров, уменьшению целлюлита. Эффективность: убрать лишний вес, живот и бока, быстрое поху",images/17841/0.jpg,0
1580,11412,БАД,0,Натур от природы SUPER B-50 COMPLEX VCAP 60.,"Nature's Plus SUPER B-50 COMPLEX VCAP 60 – это сбалансированный комплекс витаминов группы B, разработанный для обеспечения заряда энергии, контроля стресса и восстановления. Этот продукт является веганским и безглютеновым, что делает его подходящим для людей с особыми диетическими потребностями.  Ос",images/11412/0.jpg,1
1580,14971,БАД,0,Натур от природы SUPER B-50 COMPLEX VCAP 60..,"Nature's Plus SUPER B-50 COMPLEX VCAP 60 – это сбалансированный комплекс витаминов группы B, разработанный для обеспечения заряда энергии, контроля стресса и восстановления. Этот продукт является веганским и безглютеновым, что делает его подходящим для людей с особыми диетическими потребностями.  Ос",images/14971/0.jpg,1
1580,2661,БАД,1,Натур от природы SUPER B-50 COMPLEX VCAP 60..,"Nature's Plus SUPER B-50 COMPLEX VCAP 60 – это сбалансированный комплекс витаминов группы B, разработанный для обеспечения заряда энергии, контроля стресса и восстановления. Этот продукт является веганским и безглютеновым, что делает его подходящим для людей с особыми диетическими потребностями.  Ос",images/2661/0.jpg,1
1580,13451,БАД,1,Натур от природы SUPER B-50 COMPLEX VCAP 60,"Nature's Plus SUPER B-50 COMPLEX VCAP 60 – это сбалансированный комплекс витаминов группы B, разработанный для обеспечения заряда энергии, контроля стресса и восстановления. Этот продукт является веганским и безглютеновым, что делает его подходящим для людей с особыми диетическими потребностями.  Ос",images/13451/0.jpg,1
1580,16293,БАД,1,Натур от природы SUPER B-50 COMPLEX VCAP 60,"Nature's Plus SUPER B-50 COMPLEX VCAP 60 – это сбалансированный комплекс витаминов группы B, разработанный для обеспечения заряда энергии, контроля стресса и восстановления. Этот продукт является веганским и безглютеновым, что делает его подходящим для людей с особыми диетическими потребностями.  Ос",images/16293/0.jpg,1
1580,17130,БАД,1,Натур от природы SUPER B-50 COMPLEX VCAP 60.,"Nature's Plus SUPER B-50 COMPLEX VCAP 60 – это сбалансированный комплекс витаминов группы B, разработанный для обеспечения заряда энергии, контроля стресса и восстановления. Этот продукт является веганским и безглютеновым, что делает его подходящим для людей с особыми диетическими потребностями.  Ос",images/17130/0.jpg,1
1652,16371,БАД,0,ChatGPT сказал: Комплекс витаминов и минералов для укрепления иммунитета Daily Max 30 таблеток,"Поддержите здоровье, энергию и устойчивость организма к стрессам с комплексом Daily Max 💊🌿. Этот тщательно сбалансированный витаминно-минеральный комплекс создан для ежедневной поддержки иммунитета, активности и жизненных сил 💪✨. Каждая таблетка содержит оптимальное сочетание витаминов группы B, вит",images/16371/0.jpg,1
1652,2792,БАД,1,"Комплекс витаминов для поддержки опорно-двигательного аппарата Calcium Magnesium Zinc+D3, в таблетках, 90 мл",Основные компоненты (в суточной дозировке — 3 таблетки): Кальций (кальций карбонат) — 1000 мг Магний (оксид магния) — 600 мг Цинк (оксид цинка) — 15 мг Витамин D3 (холекальциферол) — 600 МЕ Полный перечень компонентов смотрите во вкладке «состав». Хотите иметь крепкие кости и здоровые зубы? Попробуй,images/2792/0.jpg,1
1652,3902,БАД,1,"Комплекс витаминов и минералов для улучшения памяти и внимания Folic Acid Bioactive Folate 5-MTHF, в капсулах, 120 мл",Основные компоненты (в суточной дозировке — 1 капсула): Фолат (в виде L-5-метилтетрагидрофолата кальция) — 1000 мкг ПФЭ (эквивалент 600 мкг фолиевой кислоты). Полный перечень компонентов смотрите во вкладке «состав». Испытываете серьёзные умственные и эмоциональные перегрузки? Обратите внимание на б,images/3902/0.jpg,1
1652,6371,БАД,1,"БАД для здоровья волос и ногтей Hair Nails Skin Formula, Витамин C, Цинк, в таблетках, 60 мл",Основные компоненты (в суточной дозировке — 2 таблетки): Витамин C (L-аскорбиновая кислота) — 120 мг Цинк (цитрат цинка) — 15 мг Медь (меди аминокислотный хелат глицинат) — 2 мг MSM (Метилсульфонилметан) —1000 мг Кремний — 50 мг L-пролин — 50 мг L-лизин (as L-лизин гидрохлорид) — 50 мг Полный перече,images/6371/0.jpg,1
1652,7684,БАД,1,"Комплекс витаминов и минералов для красоты кожи Trans-Resveratrol, в капсулах, 60 мл","Основные компоненты (в суточной дозировке — 2 капсулы): Транс-ресвератрол (чистота 98%, из рейнутрии японской — корень polygonum cuspidatum) — 300 мг.  Полный перечень компонентов смотрите во вкладке «состав». Хотите замедлить процессы старения? Обратите внимание на биодобавку Trans-resveratrol от .",images/7684/0.jpg,1
1652,8015,БАД,1,"Комплекс витаминов для поддержки опорно-двигательного аппарата Calcium Citrate + D3, в таблетках, 60 мл",Основные компоненты (в суточной дозировке — 2 таблетки): Витамин D3 (колекальциферол) — 15 мкг (600 МЕ) Кальций (цитрат кальция) — 600 мг Полный перечень компонентов смотрите во вкладке «состав». Хотите иметь здоровые суставы и крепкие кости? Попробуйте включить в свой повседневный рацион биодобавку,images/8015/0.jpg,1
1652,8999,БАД,1,"БАД для сохранения спокойствия 5-HTP 100 мг в капсулах, 100 мл","Основные компоненты: витамин С (аскорбиновая кислота), витамин B6 (пиридоксин гидрохлорид), 5-гидрокситриптофан (5-HTP). Полный перечень компонентов смотрите во вкладке «состав». Низкое количество серотонина в организме приводит к апатии, проблемам со сном, аппетитом и настроением. Биодобавка содерж",images/8999/0.jpg,1
1652,9651,БАД,1,"Комплекс витаминов и минералов для мужского здоровья в таблетках, 30 мл",Основные компоненты (в суточной дозировке — 1 таблетка): Витамин А (бета-каротин) — 940 мкг Витамин С (аскорбиновая кислота) — 90 мг Витамин D (холекальциферол) — 15 мкг Витамин E (концентрат D-альфа-токоферила) — 7.5 мг Витамин К — 20 мкг Тиамин (витамин B1) (мононитрат тиамина) — 4.5 мг Рибофлавин,images/9651/0.jpg,1
1652,11608,БАД,1,"Добавка Melatonin, 120 мл","Основные компоненты: мелатонин — 3 мг. Полный перечень компонентов смотрите во вкладке «состав». Работа в ночные смены, стресс и переутомление могут привести к снижению выработки мелатонина — «гормона сна». Комплекс  Melatonin восполняет его запасы в организме. Благодаря такой биодобавке вы будете л",images/11608/0.jpg,1
1652,12303,БАД,1,"БАД для укрепления иммунитета Iron 25 mg Bisglycinate Chelate, в капсулах, 90 мл","Iron 25 mg: - Самая высокобиодоступная форма железа Бисглицинат Хелат. - Не вызывает дискомфорт в желудке.  Железо является важнейшим микроэлементом, входящим в состав большинства клеток нашего организма. Оно также является важным компонентом гемоглобина, белка, обеспечивающего перенос кислорода от ",images/12303/0.jpg,1
1652,12754,БАД,1,"Комплекс витаминов и минералов для женского здоровья в таблетках, 30 мл","Основные компоненты (в суточной дозировке — 1 таблетка): Витамин А (бета-каротин) — 940 мкг Витамин С (аскорбиновая кислота) — 90 мг Витамин D (холекальциферол) — 15 мкг Витамин E (концентрат D-альфа-токоферола) — 14,5 мг Витамин К — 20 мг Тиамин (витамин B1) — 4,5 мг Рибофлавин (витамин В2) — 3,4 м",images/12754/0.jpg,1
1652,16320,БАД,1,"Комплекс витаминов и минералов для сохранения спокойствия в капсулах, 60 шт","Основные компоненты (в суточной дозировке — 0,5 таблетки): Аскорбиновая кислота (витамин С) — 166,6 мг Кальций — 41,6 мг Ниацин (ниацинамид) — 16,6 мг Холин (битартрат холина) — 16,6 мг Инозитол — 16,6 мг Пантотеновая кислота (D-кальция пантотенат) — 15 мг РАВА (пара-аминобензойная кислота) — 8,3 мг",images/16320/0.jpg,1
1652,16677,БАД,1,"Комплекс витаминов и минералов для улучшения памяти и внимания Ginkgo Biloba Organic, в таблетках, 60 мл","Основные компоненты (в суточной дозировке — 1 таблетка): Экстракт гинкго билоба — 120 мг Цинк — 2,4 мг Железо — 2,15 мг Йод — 22 мкг Полный перечень компонентов смотрите во вкладке «состав». Испытываете сильное эмоциональное и умственное напряжение? Забываете важные вещи и не можете сконцентрировать",images/16677/0.jpg,1
1753,2975,БАД,0,"Л - аргинин порошок MoodBooster 200 г спортивное питание для взрослых / аминокислота для похудения, повышения эффективности тренировок, выносливости, укрепления сосудов","Л-Аргинин бренда MoodBooster предназначен для восполнения энергетических запасов, увеличения физической активности и силовых показателей. Этот аминокислотный комплекс способствует росту мышц и быстрому их восстановлению после спортивных тренировок. БАД является эффективным энергетиком и жиросжигател",images/2975/0.jpg,0
1753,9083,БАД,0,"Л - аргинин порошок MoodBooster 100 г спортивное питание для взрослых / аминокислота для похудения, повышения эффективности тренировок, выносливости, укрепления сосудов","Л-Аргинин бренда MoodBooster предназначен для восполнения энергетических запасов, увеличения физической активности и силовых показателей. Этот аминокислотный комплекс способствует росту мышц и быстрому их восстановлению после спортивных тренировок. БАД является эффективным энергетиком и жиросжигател",images/9083/0.jpg,0
1753,14312,БАД,0,"Л - аргинин порошок MoodBooster 100 г спортивное питание для взрослых / аминокислота для похудения, повышения эффективности тренировок, выносливости, укрепления сосудов","Л-Аргинин бренда MoodBooster предназначен для восполнения энергетических запасов, увеличения физической активности и силовых показателей. Этот аминокислотный комплекс способствует росту мышц и быстрому их восстановлению после спортивных тренировок. БАД является эффективным энергетиком и жиросжигател",images/14312/0.jpg,0
1753,15079,БАД,0,"Л - аргинин порошок MoodBooster 200 г спортивное питание для взрослых / аминокислота для похудения, повышения эффективности тренировок, выносливости, укрепления сосудов","Л-Аргинин бренда MoodBooster предназначен для восполнения энергетических запасов, увеличения физической активности и силовых показателей. Этот аминокислотный комплекс способствует росту мышц и быстрому их восстановлению после спортивных тренировок. БАД является эффективным энергетиком и жиросжигател",images/15079/0.jpg,0
1753,10928,БАД,1,"Л - глютамин порошок MoodBooster 300 г спортивное питание для взрослых / аминокислота для иммунитета, повышения эффективности тренировок, выносливости, набора массы, укрепления мышц","Л - глютамин бренда MoodBooster насыщает организм энергией и помогает противостоять стрессам, ускоряет процесс восстановления после тренировок и дарит силы. Glutamine содержит витамины, необходимые для здоровья женщин и мужчин. Натуральная биологически активная пищевая добавка полезна для зрения и с",images/10928/0.jpg,0
1802,13803,БАД,0,Таблетки для похудения в капсулах Black panthera Черная пантера,"Жиросжигатель - идеальное решение для эффективного снижения веса как для мужчин, так и для женщин. Наш продукт специально разработан для тех, кто стремится достичь идеальной фигуры и получить контроль над своим аппетитом. С помощью нашего препарата вы сможете ускорить обмен веществ, что приведет к а",images/13803/0.jpg,0
1802,3070,БАД,1,Таблетки для похудения в капсулах Черная пантера,"Жиросжигатель - идеальное решение для эффективного снижения веса как для мужчин, так и для женщин. Наш продукт специально разработан для тех, кто стремится достичь идеальной фигуры и получить контроль над своим аппетитом. С помощью нашего препарата вы сможете ускорить обмен веществ, что приведет к а",images/3070/0.jpg,0
1812,16194,БАД,0,"Предтренировочный комплекс OstroVit PUMP Nitro SHOT, 25*100 мл, Грейпфрут","ОстроВит Помпа Нитро Шот 25 x 100 мл<br/><br/>OstroVit Pump Nitro Shot 100 мл – это предварительная тренировка в виде грейпфрутовой рюмки, которая обеспечит вас энергией и силой во время физических нагрузок. Наша фруктовая дробь представляет собой комбинацию из 10 различных активных ингредиентов. Вы",images/16194/0.jpg,0
1812,3088,БАД,1,"Л-Карнитин 5000 мг Шот OstroVit L-Carnitine 5000 SHOT 25*100 мл, Мультифрукт","OstroVit L-карнитин 5000 Шот 100 мл<br/><br/>OstroVit L-Carnitine 5000 Shot 100 мл - это пищевая добавка в форме шота с мультифруктовым вкусом, содержащая высокую дозу L-карнитина. Он предназначен для физически активных людей, которые хотят позаботиться о своем метаболизме и всесторонне поддержать п",images/3088/0.jpg,0
1887,3227,БАД,0,"Концентрат живой микроводоросли хлорелла ""ECOTONICA"" 10000 мл /Для человека/ Живая еда","Концентрат, напиток живой микроводоросли Хлореллы Chlorella 100% для человека, 4000 мл, ООО "" ЛЕС "".<br/><br/>О КОМПАНИИ: Предприятие ООО «ЛЕС» г. Пермь.<br/><br/>Предприятие ООО «ЛЕС» было организовано в 2016 году.<br/><br/>Цель нашей компании – Здоровье и улучшение состояния окружающей среды.<br/>",images/3227/0.jpg,0
1887,8798,БАД,0,"Концентрат живой микроводоросли хлорелла ""ECOTONICA"" 6000 мл / Для человека/ Фито коктейль","Концентрат, напиток живой микроводоросли Хлореллы Chlorella 100% для человека, 4000 мл, ООО "" ЛЕС "".<br/><br/>О КОМПАНИИ: Предприятие ООО «ЛЕС» г. Пермь.<br/><br/>Предприятие ООО «ЛЕС» было организовано в 2016 году.<br/><br/>Цель нашей компании – Здоровье и улучшение состояния окружающей среды.<br/>",images/8798/0.jpg,0
1887,10084,БАД,0,"Концентрат живой микроводоросли хлорелла ""ECOTONICA"" 5000 мл / Для человека","Концентрат, напиток живой микроводоросли Хлореллы Chlorella 100% для человека, 4000 мл, ООО "" ЛЕС "".<br/><br/>О КОМПАНИИ: Предприятие ООО «ЛЕС» г. Пермь.<br/><br/>Предприятие ООО «ЛЕС» было организовано в 2016 году.<br/><br/>Цель нашей компании – Здоровье и улучшение состояния окружающей среды.<br/>",images/10084/0.jpg,0
1887,15516,БАД,0,"Концентрат живой микроводоросли хлорелла ""ECOTONICA"" 2000 мл / Для человека","Концентрат, напиток живой микроводоросли Хлореллы Chlorella 100% для человека, 4000 мл, ООО "" ЛЕС "".<br/><br/>О КОМПАНИИ: Предприятие ООО «ЛЕС» г. Пермь.<br/><br/>Предприятие ООО «ЛЕС» было организовано в 2016 году.<br/><br/>Цель нашей компании – Здоровье и улучшение состояния окружающей среды.<br/>",images/15516/0.jpg,0
1887,11912,БАД,1,"Концентрат живой микроводоросли хлорелла ""ECOTONICA"" 4000 мл, Для человека, Живая еда, Омоложение","Переходите в наш магазин озон и смотрите весь ассортимент продукции!<br/><br/>Концентрат, напиток живой микроводоросли Хлореллы Chlorella 100% для человека, 4000 мл, ООО "" ЛЕС "".<br/><br/>О КОМПАНИИ: Предприятие ООО «ЛЕС» г. Пермь.<br/><br/>Предприятие ООО «ЛЕС» было организовано в 2016 году.<br/><b",images/11912/0.jpg,0
1887,17888,БАД,1,"Концентрат живой микроводоросли хлорелла ""ECOTONICA"" 8000 мл / Для человека/ Биодобавка","Бионапиток питьевой микроводоросли хлорелла ""ECOTONICA"", количество живых клеток хлореллы мин. 50 млн.кл.миллилитр.<br/><br/>О КОМПАНИИ: Предприятие ООО «ЛЕС» г. Пермь.<br/><br/>Предприятие ООО «ЛЕС» было организовано в 2016 году.<br/><br/>Цель нашей компании – Здоровье и улучшение состояния окружаю",images/17888/0.jpg,0
1943,3334,Легковоспламеняющиеся,0,"Палочки для розжига IMAGE, 3 упаковки по 6 шт.","Палочки IMAGE - это отличное средство для розжига дров и угля! Они изготовлены из высококачественной древесины, которая пропитана качественным парафином. Благодаря этому, горят равномерным пламенем более 10 минут, не выделяя острого запаха и копоти. Палочки Image не впитывают влагу, поэтому их можно",images/3334/0.jpg,1
1943,5959,Легковоспламеняющиеся,1,"Палочки для розжига IMAGE, 3 упаковки по 6 шт","Палочки IMAGE - это отличное средство для розжига дров и угля! Они изготовлены из высококачественной древесины, которая пропитана качественным парафином. Благодаря этому,  горят равномерным пламенем более 10 минут, не выделяя острого запаха и копоти. Палочки Image не впитывают влагу, поэтому их можн",images/5959/0.jpg,1
1999,16477,БАД,0,Lipotrim (Липотрим) Таблетки для похудения и снижения веса,"Продукт НЕ относится к категории БАД. Продукт относится к категории жиросжигателей, спортивное питание и является пищевой добавкой. Сертификат и декларация качества прилагаются. Lipotrim — российский эффективный продукт для похудения и снижения веса. Таблетки для похудения понижают тягу к сладкому, ",images/16477/0.jpg,0
1999,3436,БАД,1,Lipotrim (Липотрим) Таблетки для похудения и снижения веса,"Продукт НЕ относится к категории БАД. Продукт относится к категории жиросжигателей, спортивное питание и является пищевой добавкой. Сертификат и декларация качества прилагаются. Lipotrim — российский эффективный продукт для похудения и снижения веса. Таблетки для похудения понижают тягу к сладкому, ",images/3436/0.jpg,0
1999,6278,БАД,1,Lipotrim (Липотрим) Таблетки для похудения и снижения веса,"Продукт НЕ относится к категории БАД. Продукт относится к категории жиросжигателей, спортивное питание и является пищевой добавкой. Сертификат и декларация качества прилагаются. Lipotrim — российский эффективный продукт для похудения и снижения веса. Таблетки для похудения понижают тягу к сладкому, ",images/6278/0.jpg,0
1999,9144,БАД,1,Lipotrim (Липотрим) Таблетки для похудения и снижения веса,"Продукт НЕ относится к категории БАД. Продукт относится к категории жиросжигателей, спортивное питание и является пищевой добавкой. Сертификат и декларация качества прилагаются. Lipotrim — российский эффективный продукт для похудения и снижения веса. Таблетки для похудения понижают тягу к сладкому, ",images/9144/0.jpg,0
1999,10540,БАД,1,Lipotrim (Липотрим) Таблетки для похудения и снижения веса,"Продукт НЕ относится к категории БАД. Продукт относится к категории жиросжигателей, спортивное питание и является пищевой добавкой. Сертификат и декларация качества прилагаются. Lipotrim — российский эффективный продукт для похудения и снижения веса. Таблетки для похудения понижают тягу к сладкому, ",images/10540/0.jpg,0
1999,10952,БАД,1,Lipotrim (Липотрим) Таблетки для похудения и снижения веса,"Продукт НЕ относится к категории БАД. Продукт относится к категории жиросжигателей, спортивное питание и является пищевой добавкой. Сертификат и декларация качества прилагаются. Lipotrim — российский эффективный продукт для похудения и снижения веса. Таблетки для похудения понижают тягу к сладкому, ",images/10952/0.jpg,0
1999,12643,БАД,1,Lipotrim (Липотрим) Таблетки для похудения и снижения веса,"Продукт НЕ относится к категории БАД. Продукт относится к категории жиросжигателей, спортивное питание и является пищевой добавкой. Сертификат и декларация качества прилагаются. Lipotrim — российский эффективный продукт для похудения и снижения веса. Таблетки для похудения понижают тягу к сладкому, ",images/12643/0.jpg,0
2027,3480,БАД,0,"PSYLLIUM HUSK. Псиллиум (клетчатка из семян подорожника), 180 гр. Турция","Псиллиум 180 г - Ваш помощник для здорового пищеварения!<br/><br/>Ищете эффективный способ поддержать здоровье кишечника и улучшить пищеварение? Псиллиум (шелуха семян подорожника) от бренда One Up — идеальный выбор для вас! Мы предлагаем высококачественный продукт, произведённый лидером турецкого р",images/3480/0.jpg,0
2027,7406,БАД,1,"PSYLLIUM HUSK. Псиллиум (клетчатка из семян подорожника), 180 гр. Турция","Псиллиум 180 г - Ваш помощник для здорового пищеварения! <br/><br/>Ищете эффективный способ поддержать здоровье кишечника и улучшить пищеварение? Псиллиум (шелуха семян подорожника) от бренда One Up — идеальный выбор для вас! Мы предлагаем высококачественный продукт, произведённый лидером турецкого ",images/7406/0.jpg,0
2208,4045,БАД,0,"KAL L-теанин, для детей Relax-a-Saurus 30 жевательных таблеток","KAL L-теанин, для детей Relax-a-Saurus 30 жевательных таблеток, представляет собой уникальную добавку, созданную специально для поддержки эмоционального равновесия и спокойствия у детей. Этот продукт содержит L-теанин, натуральную аминокислоту, которая известна своими свойствами по снижению стресса ",images/4045/0.jpg,1
2208,3804,БАД,1,"KAL L-теанин, для детей Relax-a-Saurus 30 жевательных таблеток","KAL L-теанин, для детей Relax-a-Saurus 30 жевательных таблеток, представляет собой уникальную добавку, созданную специально для поддержки эмоционального равновесия и спокойствия у детей. Этот продукт содержит L-теанин, натуральную аминокислоту, которая известна своими свойствами по снижению стресса ",images/3804/0.jpg,1
2327,15618,БАД,0,"Сексуальная Фигура - жиросжигатель, капсулы для похудения","Сексуальная фигура — китайский эффективный продукт для похудения и снижения веса. Капсулы понижают тягу к сладкому, подавляют чувство голода. Сильный спортивный жиросжигатель помогает с уменьшением объемов, коррекцией фигуры, сжиганием жира без диет. Препарат для борьбы с лишним весом борется с заме",images/15618/0.jpg,0
2327,4048,БАД,1,"Сексуальная Фигура - жиросжигатель, капсулы для похудения","Сексуальная фигура — китайский эффективный продукт для похудения и снижения веса. Капсулы понижают тягу к сладкому, подавляют чувство голода. Сильный спортивный жиросжигатель помогает с уменьшением объемов, коррекцией фигуры, сжиганием жира без диет. Препарат для борьбы с лишним весом борется с заме",images/4048/0.jpg,0
2327,4960,БАД,1,"Сексуальная Фигура - жиросжигатель, капсулы для похудения","Сексуальная фигура — китайский эффективный продукт для похудения и снижения веса. Капсулы понижают тягу к сладкому, подавляют чувство голода. Сильный спортивный жиросжигатель помогает с уменьшением объемов, коррекцией фигуры, сжиганием жира без диет. Препарат для борьбы с лишним весом борется с заме",images/4960/0.jpg,0
2327,9110,БАД,1,"Сексуальная Фигура - жиросжигатель, капсулы для похудения","Сексуальная фигура — китайский эффективный продукт для похудения и снижения веса. Капсулы понижают тягу к сладкому, подавляют чувство голода. Сильный спортивный жиросжигатель помогает с уменьшением объемов, коррекцией фигуры, сжиганием жира без диет. Препарат для борьбы с лишним весом борется с заме",images/9110/0.jpg,0
2327,15498,БАД,1,"Сексуальная Фигура - жиросжигатель, капсулы для похудения","Сексуальная фигура — китайский эффективный продукт для похудения и снижения веса. Капсулы понижают тягу к сладкому, подавляют чувство голода. Сильный спортивный жиросжигатель помогает с уменьшением объемов, коррекцией фигуры, сжиганием жира без диет. Препарат для борьбы с лишним весом борется с заме",images/15498/0.jpg,0
2327,16005,БАД,1,"Сексуальная Фигура - жиросжигатель, капсулы для похудения","Сексуальная фигура — китайский эффективный продукт для похудения и снижения веса. Капсулы понижают тягу к сладкому, подавляют чувство голода. Сильный спортивный жиросжигатель помогает с уменьшением объемов, коррекцией фигуры, сжиганием жира без диет. Препарат для борьбы с лишним весом борется с заме",images/16005/0.jpg,0
2327,17047,БАД,1,"Сексуальная Фигура - жиросжигатель, капсулы для похудения","Сексуальная фигура — китайский эффективный продукт для похудения и снижения веса. Капсулы понижают тягу к сладкому, подавляют чувство голода. Сильный спортивный жиросжигатель помогает с уменьшением объемов, коррекцией фигуры, сжиганием жира без диет. Препарат для борьбы с лишним весом борется с заме",images/17047/0.jpg,0
2345,4083,БАД,0,Lemona Коллаген морской порошок питьевой,"Морской коллаген в пакетиках от Gyeongnam Pharmaceutical Lemona Gyeol Collagen – это лучший источник коллагена для вашей кожи, зубов, волос, ногтей и суставов. Производство: Корея. <br/><br/>В 1 порции - 500 мг коллагена (25%) и 120 мг витамина С (6%). <br/><br/>Морской порошковый питьевой коллаген ",images/4083/0.jpg,0
2345,16443,БАД,0,Lemona Коллаген морской порошок питьевой,"Морской коллаген в пакетиках от Gyeongnam Pharmaceutical Lemona Gyeol Collagen – это лучший источник коллагена для вашей кожи, зубов, волос, ногтей и суставов. Производство: Корея. <br/><br/>В 1 порции - 500 мг коллагена (25%) и 120 мг витамина С (6%). <br/><br/>Морской порошковый питьевой коллаген ",images/16443/0.jpg,0
2345,10798,БАД,1,Lemona Питьевой низкомолекулярный морской коллаген с пептидами и витамином С GYEOL Collagen Vitamin C (60 шт),"🌟 Lemona GYEOL Collagen Vitamin C: лучший источник питьевого коллагена для вашей кожи, зубов, волос, ногтей, суставов и общего здоровья! 🌟 от Gyeongnam Pharmaceutical<br/><br/>В 1 порции - 500 мг коллагена (25%) и 120 мг витамина С (6%).<br/><br/>ОСНОВНЫЕ ПОЛЕЗНЫЕ СВОЙСТВА КОЛЛАГЕНА:<br/><br/>1. СПО",images/10798/0.jpg,0
2482,4343,БАД,0,"Fatzorb 600 Mg капсулы для похудения, препарат для лишнего веса","Продукт НЕ относится к категории БАД. Продукт относится к категории жиросжигателей, спортивное питание и является пищевой добавкой. Сертификат и декларация качества прилагаются.<br/><br/>Fatzorb 600 Mg  от торговой марки Deisifarm эффективный продукт для похудения и снижения веса. Капсулы понижают т",images/4343/0.jpg,0
2482,12789,БАД,0,"Fatzorb 600 Mg капсулы для похудения, препарат для лишнего веса","Продукт НЕ относится к категории БАД. Продукт относится к категории жиросжигателей, спортивное питание и является пищевой добавкой. Сертификат и декларация качества прилагаются.<br/><br/>Fatzorb 600 Mg  от торговой марки Deisifarm эффективный продукт для похудения и снижения веса. Капсулы понижают т",images/12789/0.jpg,0
2482,17498,БАД,0,"Fatzorb 600 Mg капсулы для похудения, препарат для лишнего веса","Продукт НЕ относится к категории БАД. Продукт относится к категории жиросжигателей, спортивное питание и является пищевой добавкой. Сертификат и декларация качества прилагаются.<br/><br/>Fatzorb 600 Mg  от торговой марки Deisifarm эффективный продукт для похудения и снижения веса. Капсулы понижают т",images/17498/0.jpg,0
2482,14622,БАД,1,"Fatzorb 600 Mg капсулы для похудения, препарат для лишнего веса","Продукт НЕ относится к категории БАД. Продукт относится к категории жиросжигателей, спортивное питание и является пищевой добавкой. Сертификат и декларация качества прилагаются.<br/><br/>Fatzorb 600 Mg  от торговой марки Deisifarm эффективный продукт для похудения и снижения веса. Капсулы понижают т",images/14622/0.jpg,0
2482,14887,БАД,1,"Fatzorb 600 Mg капсулы для похудения, препарат для лишнего веса","Продукт НЕ относится к категории БАД. Продукт относится к категории жиросжигателей, спортивное питание и является пищевой добавкой. Сертификат и декларация качества прилагаются.<br/><br/>Fatzorb 600 Mg  от торговой марки Deisifarm эффективный продукт для похудения и снижения веса. Капсулы понижают т",images/14887/0.jpg,0
2521,4418,БАД,0,"Л - аргинин порошок Dr.Health 200 г спортивное питание для взрослых / аминокислота для похудения, повышения эффективности тренировок, выносливости, укрепления сосудов","Л-Аргинин бренда Dr.Health предназначен для восполнения энергетических запасов, увеличения физической активности и силовых показателей. Этот аминокислотный комплекс способствует росту мышц и быстрому их восстановлению после спортивных тренировок. БАД является эффективным энергетиком и жиросжигателем",images/4418/0.jpg,0
2521,6469,БАД,0,"Л - аргинин порошок Dr.Health 100 г спортивное питание для взрослых / аминокислота для похудения, повышения эффективности тренировок, выносливости, укрепления сосудов","Л-Аргинин бренда Dr.Health предназначен для восполнения энергетических запасов, увеличения физической активности и силовых показателей. Этот аминокислотный комплекс способствует росту мышц и быстрому их восстановлению после спортивных тренировок. БАД является эффективным энергетиком и жиросжигателем",images/6469/0.jpg,0
2521,5067,БАД,1,"Л - аргинин порошок Dr.Health 100 г спортивное питание для взрослых / аминокислота для похудения, повышения эффективности тренировок, выносливости, укрепления сосудов","Л-Аргинин бренда Dr.Health предназначен для восполнения энергетических запасов, увеличения физической активности и силовых показателей. Этот аминокислотный комплекс способствует росту мышц и быстрому их восстановлению после спортивных тренировок. БАД является эффективным энергетиком и жиросжигателем",images/5067/0.jpg,0
2521,7176,БАД,1,"Л - аргинин порошок Dr.Health 200 г спортивное питание для взрослых / аминокислота для похудения, повышения эффективности тренировок, выносливости, укрепления сосудов","Л-Аргинин бренда Dr.Health предназначен для восполнения энергетических запасов, увеличения физической активности и силовых показателей. Этот аминокислотный комплекс способствует росту мышц и быстрому их восстановлению после спортивных тренировок. БАД является эффективным энергетиком и жиросжигателем",images/7176/0.jpg,0
2561,4504,БАД,0,Ультимэйт БЦА 12000 228 г Orange..,"Ароматизированный BCAA Powder 12,000 228 грамм, Апельсин BCAA 12.000 от Ultimate Nutrition - это аминокислоты, способствующие росту мышц и ускоряющие их восстановление. Каждая порция BCAA 12000 содержит 6000 мг незаменимых аминокислот BCAA (лейцин, валин, изолейцин). ВСАА обеспечивают дополнительные",images/4504/0.jpg,0
2561,15361,БАД,0,Ультимэйт БЦА 12000 228 г Orange.,"Ароматизированный BCAA Powder 12,000 228 грамм, Апельсин BCAA 12.000 от Ultimate Nutrition - это аминокислоты, способствующие росту мышц и ускоряющие их восстановление. Каждая порция BCAA 12000 содержит 6000 мг незаменимых аминокислот BCAA (лейцин, валин, изолейцин). ВСАА обеспечивают дополнительные",images/15361/0.jpg,0
2561,6764,БАД,1,Ультимэйт БЦА 12000 228 г Orange..,"Ароматизированный BCAA Powder 12,000 228 грамм, Апельсин BCAA 12.000 от Ultimate Nutrition - это аминокислоты, способствующие росту мышц и ускоряющие их восстановление. Каждая порция BCAA 12000 содержит 6000 мг незаменимых аминокислот BCAA (лейцин, валин, изолейцин). ВСАА обеспечивают дополнительные",images/6764/0.jpg,0
2561,11371,БАД,1,Ультимэйт БЦА 12000 228 г Orange,"Ароматизированный BCAA Powder 12,000 228 грамм, Апельсин BCAA 12.000 от Ultimate Nutrition - это аминокислоты, способствующие росту мышц и ускоряющие их восстановление. Каждая порция BCAA 12000 содержит 6000 мг незаменимых аминокислот BCAA (лейцин, валин, изолейцин). ВСАА обеспечивают дополнительные",images/11371/0.jpg,0
2561,12138,БАД,1,Ультимэйт БЦА 12000 228 г Orange,"Ароматизированный BCAA Powder 12,000 228 грамм, Апельсин BCAA 12.000 от Ultimate Nutrition - это аминокислоты, способствующие росту мышц и ускоряющие их восстановление. Каждая порция BCAA 12000 содержит 6000 мг незаменимых аминокислот BCAA (лейцин, валин, изолейцин). ВСАА обеспечивают дополнительные",images/12138/0.jpg,0
2561,13473,БАД,1,Ультимэйт БЦА 12000 228 г Orange.,"Ароматизированный BCAA Powder 12,000 228 грамм, Апельсин BCAA 12.000 от Ultimate Nutrition - это аминокислоты, способствующие росту мышц и ускоряющие их восстановление. Каждая порция BCAA 12000 содержит 6000 мг незаменимых аминокислот BCAA (лейцин, валин, изолейцин). ВСАА обеспечивают дополнительные",images/13473/0.jpg,0
2586,4556,БАД,0,"Предтренировочный комплекс Insane Labz Psychotic BLACK арбуз 35 порций, предтрен, энергетик","Psychotic Black от Insane Labz – пампинг + стимуляция ЦНС – высокоэффективный предтренировочный комплекс для атлетов любого уровня тренированности. 1 порция = 1 скуп усваивается спустя 15-30 минут после употребления и действует 2-2,5 часа. Эффект начинается плавно – без резкого подъема энергии (без ",images/4556/0.jpg,1
2586,11885,БАД,1,"Предтренировочный комплекс Insane Labz Psychotic BLACK арбуз 35 порций, предтрен, энергетик, спортивное питание","Psychotic Black от Insane Labz – пампинг + стимуляция ЦНС – высокоэффективный предтренировочный комплекс для атлетов любого уровня тренированности. 1 порция = 1 скуп усваивается спустя 15-30 минут после употребления и действует 2-2,5 часа. Эффект начинается плавно – без резкого подъема энергии (без ",images/11885/0.jpg,1
2604,6914,БАД,0,Концентрат для похудения,,images/6914/0.jpg,0
2604,4594,БАД,1,Концентрат для похудения,,images/4594/0.jpg,0
2604,8139,БАД,1,Жиросжигатель,,images/8139/0.jpg,0
2682,6517,БАД,0,"Железо ирон 50 мг 60 капсул, Solaray Iron против дефицита железа в организме, для нормального функционирования иммунитета","Железо - один из важнейших элементов в организме человека. Железо принимает активное участие, как катализатор, во многих биохимических реакциях организма, а также структурном построении мышечных белков. Для хорошего усвоения железа организмом его нужно принимать с продуктами богатыми на витамин С и ",images/6517/0.jpg,1
2682,4726,БАД,1,"Железо ирон 50 мг 60 капсул, Solaray Iron против дефицита железа в организме, для нормального функционирования иммунитета","Железо - один из важнейших элементов в организме человека. Железо принимает активное участие, как катализатор, во многих биохимических реакциях организма, а также структурном построении мышечных белков. Для хорошего усвоения железа организмом его нужно принимать с продуктами богатыми на витамин С и ",images/4726/0.jpg,1
2682,13618,БАД,1,"Железо ирон 50 мг 60 капсул, Solaray Iron против дефицита железа в организме, для нормального функционирования иммунитета","Железо - один из важнейших элементов в организме человека. Железо принимает активное участие, как катализатор, во многих биохимических реакциях организма, а также структурном построении мышечных белков. Для хорошего усвоения железа организмом его нужно принимать с продуктами богатыми на витамин С и ",images/13618/0.jpg,1
2697,9221,БАД,0,"Сексуальная фигура, жиросжигатель в таблетках","Сексуальная фигура, от торговой марки ИП Татиев Илез Русланович<br/><br/>Жиросжигатель капсулы Сексуальная Фигура - жиросжигатель в таблетках, обеспечивающий безопасный процесс похудения. Наше средство не химические таблетки или порошок, оно содержит в себе такие активные вещества, как аминокислоты ",images/9221/0.jpg,0
2697,4756,БАД,1,"Сексуальная фигура, жиросжигатель в таблетках","Сексуальная фигура, от торговой марки ИП Татиев Илез Русланович<br/><br/>Жиросжигатель капсулы Сексуальная Фигура - жиросжигатель в таблетках, обеспечивающий безопасный процесс похудения. Наше средство не химические таблетки или порошок, оно содержит в себе такие активные вещества, как аминокислоты ",images/4756/0.jpg,0
2697,8114,БАД,1,"Сексуальная фигура, жиросжигатель в таблетках","Сексуальная фигура, от торговой марки ИП Татиев Илез Русланович<br/><br/>Жиросжигатель капсулы Сексуальная Фигура - жиросжигатель в таблетках, обеспечивающий безопасный процесс похудения. Наше средство не химические таблетки или порошок, оно содержит в себе такие активные вещества, как аминокислоты ",images/8114/0.jpg,0
2697,8870,БАД,1,"Сексуальная фигура, жиросжигатель в таблетках","Сексуальная фигура, от торговой марки ИП Татиев Илез Русланович<br/><br/>Жиросжигатель капсулы Сексуальная Фигура - жиросжигатель в таблетках, обеспечивающий безопасный процесс похудения. Наше средство не химические таблетки или порошок, оно содержит в себе такие активные вещества, как аминокислоты ",images/8870/0.jpg,0
2697,10869,БАД,1,"Сексуальная фигура, жиросжигатель в таблетках","Сексуальная фигура, от торговой марки ИП Татиев Илез Русланович<br/><br/>Жиросжигатель капсулы Сексуальная Фигура - жиросжигатель в таблетках, обеспечивающий безопасный процесс похудения. Наше средство не химические таблетки или порошок, оно содержит в себе такие активные вещества, как аминокислоты ",images/10869/0.jpg,0
2697,16232,БАД,1,"Сексуальная фигура, жиросжигатель в таблетках","Сексуальная фигура, от торговой марки ИП Татиев Илез Русланович<br/><br/>Жиросжигатель капсулы Сексуальная Фигура - жиросжигатель в таблетках, обеспечивающий безопасный процесс похудения. Наше средство не химические таблетки или порошок, оно содержит в себе такие активные вещества, как аминокислоты ",images/16232/0.jpg,0
2926,5208,БАД,0,21st Century Биотин 5000 мкг,"Витамины Биотин 21 Сенчури (Biotin 21st Century) способствует поддержанию здоровья волос, ногтей, кожи. В составе одной капсулы:- Биотин - 5000 мкг.- Кальций (дикальция фосфат) - 113 мг. Дополнительные ингредиенты (менее 2%): магниевый силикат, магниевый стеарат. Также в составе - желатин, целлюлоза",images/5208/0.jpg,0
2926,15095,БАД,1,21st Century Биотин 5000 мкг,"Витамины Биотин 21 Сенчури (Biotin 21st Century) способствует поддержанию здоровья волос, ногтей, кожи. В составе одной капсулы:- Биотин - 5000 мкг.- Кальций (дикальция фосфат) - 113 мг. Дополнительные ингредиенты (менее 2%): магниевый силикат, магниевый стеарат. Также в составе - желатин, целлюлоза",images/15095/0.jpg,0
2949,10696,Легковоспламеняющиеся,0,"Роллы для розжига IMAGE, 12 кг","Древесные роллы для розжига IMAGE - экологически чистый продукт из 100% древесины. 12-колограмовая коробка вмещает около 800 шт. роллов. <br/><br/>Топливные брикеты - отличный выбор для тех, кто собирается в поход и не хочет тратить время на разведение костра. Роллы для розжига незаменимы в походе, ",images/10696/0.jpg,0
2949,5256,Легковоспламеняющиеся,1,"Растопка-профи, новогодняя IMAGE 1 шт.","Экологически чистая растопка IMAGE, новогодняя поможет быстро разжечь костер, мангал или камин для вас и ваших друзей, а так же быстро вскипятить воду.<br/><br/>Чтобы использовать растопку - профи: нужно снять этикетку, достать изнутри спичку, зажечь спичку при помощи серной полоски, расположенной н",images/5256/0.jpg,0
3064,6076,БАД,0,"Аминокислоты комплекс 69 порций bcaa 20:1:1 Olimp Sport Nutrition / Xplode powder, 500г, грейпфрут, bcaa порошок бад, спортивная добавка витамины #Like_1win","Olimp BCAA 20:1:1 Xplode Powder 500 г — это аминокислотный комплекс, который станет вашим незаменимым спутником в достижении спортивных целей! <br/><br/>Этот BCAA порошок сочетает в себе уникальную формулу с соотношением аминокислот 20:1:1, где основное внимание уделено L-лейцину, который активно сп",images/6076/0.jpg,0
3064,5485,БАД,1,"Аминокислоты комплекс 69 порций bcaa 20:1:1 Olimp Sport Nutrition / Xplode powder, 500г, грейпфрут, bcaa порошок бад, спортивная добавка витамины #Like_1win","Olimp BCAA 20:1:1 Xplode Powder 500 г — это аминокислотный комплекс, который станет вашим незаменимым спутником в достижении спортивных целей!<br/><br/>Этот BCAA порошок сочетает в себе уникальную формулу с соотношением аминокислот 20:1:1, где основное внимание уделено L-лейцину, который активно спо",images/5485/0.jpg,0
3275,5883,БАД,0,"Дикий лосось с ОМЕГА-3 VIRIDI LABORATORIUM , 200 капсул 1 капс 1000 мг (Премиальный рыбий жир 1000 мг. для восполнения дефицитов ПНЖК)","Омега 3 VIRIDI LABORATORIUM, Омега 3 рыбий жир в капсулах для взрослых. 200 капсул Омега-3<br/><br/>высокой концентрации 90% капсулы массой 1000 мг.<br/><br/>Омега-3 для здоровья сердца, мозга, кожи и глаз* - Научные исследования показали, что омега-3, содержащиеся в рыбьем жире, не только поддержив",images/5883/0.jpg,0
3275,16409,БАД,0,"ОМЕГА-3 , 200 капсул (Премиальный рыбий жир 1000 мг., для восполнения дефицитов ПНЖК) , 1 капс. 1300 мг.",ПРЕИМУЩЕСТВА ОМЕГА-3 VIRIDI LABORATORIUM<br/><br/>Высокая концентрация 60% ПНЖКв форме ЭТИЛОВОГО ЭФИРА<br/><br/>Восполнение дефицитов Omega-3.<br/><br/>Профилактика преждевременного старения и Защита от окислительного стресса<br/><br/>Обеспечивает эластичность и хорошую проницаемость клеточной мембр,images/16409/0.jpg,0
3275,8287,БАД,1,"ОМЕГА-3 VIRIDI LABORATORIUM , 200 капсул (Премиальный рыбий жир 1000 мг. для восполнения дефицитов ПНЖК) , 1 капс 1000 мг","Омега 3 VIRIDI LABORATORIUM, Омега 3 рыбий жир в капсулах для взрослых. 200 капсул Омега-3<br/>
<br/>
высокой концентрации 90% капсулы массой 1000 мг.<br/>
<br/>
Омега-3 концентрат ЭПК и ДГК - это группа жирных кислот омега3 ПНЖК, организм не способен вырабатывать их самостоятельно.<br/>
<br/>
Omega",images/8287/0.jpg,0
3275,8891,БАД,1,"ОМЕГА-3 VIRIDI LABORATORIUM , 200 капсул (Премиальный рыбий жир 1000 мг. для восполнения дефицитов ПНЖК) , 1 капс 1000 мг","Омега 3 VIRIDI LABORATORIUM, Омега 3 рыбий жир в капсулах для взрослых. 200 капсул Омега-3<br/><br/>высокой концентрации 90% капсулы массой 1000 мг.<br/><br/>Омега-3 концентрат ЭПК и ДГК - это группа жирных кислот омега3 ПНЖК, организм не способен вырабатывать их самостоятельно.<br/><br/>Omega 3 - э",images/8891/0.jpg,0
3275,18371,БАД,1,"ОМЕГА-3 , 200 капсул (Премиальный рыбий жир 1000 мг., для восполнения дефицитов ПНЖК) , 1 капс. 1300 мг.",ПРЕИМУЩЕСТВА ОМЕГА-3 VIRIDI LABORATORIUM<br/><br/>Высокая концентрация 60% ПНЖКв форме ЭТИЛОВОГО ЭФИРА<br/><br/>Восполнение дефицитов Omega-3.<br/><br/>Профилактика преждевременного старения и Защита от окислительного стресса<br/><br/>Обеспечивает эластичность и хорошую проницаемость клеточной мембр,images/18371/0.jpg,0
3402,10455,БАД,0,"Креатин моногидрат Speeding порошок 300 г, спортивное питание для взрослых / аминокислоты для повышения эффективности тренировок, выносливости, набора массы, укрепления мышц","Креатин бренда Speeding способствует повышению силы и выносливости для проведения максимально эффективных тренировок. В составе предтренировочного энергетика содержится creatine monohydrate, оказывающий комплексное действие. БАД выпускается в форме порошка (powder) и предназначен для приготовления к",images/10455/0.jpg,0
3402,6151,БАД,1,"Креатин моногидрат Speeding порошок 300 г, спортивное питание для взрослых / аминокислоты для повышения эффективности тренировок, выносливости, набора массы, укрепления мышц","Креатин бренда Speeding способствует повышению силы и выносливости для проведения максимально эффективных тренировок. В составе предтренировочного энергетика содержится creatine monohydrate, оказывающий комплексное действие. БАД выпускается в форме порошка (powder) и предназначен для приготовления к",images/6151/0.jpg,0
3437,6242,БАД,0,"ОМЕГА-3 VIRIDI LABORATORIUM , 600 капсул 1 капс 1000 мг витамины для иммунитета, сердца и сосудов","Омега 3 VIRIDI LABORATORIUM, Омега 3 рыбий жир в капсулах для взрослых. 200 капсул Омега-3<br/><br/>высокой концентрации 90% капсулы массой 1000 мг.<br/><br/>Омега-3 для здоровья сердца, мозга, кожи и глаз* - Научные исследования показали, что омега-3, содержащиеся в рыбьем жире, не только поддержив",images/6242/0.jpg,0
3437,11115,БАД,0,"ОМЕГА-3 , 600 капсул (Премиальный рыбий жир 1000 мг., для восполнения дефицитов ПНЖК) , 1 капс. 1300 мг.",ПРЕИМУЩЕСТВА ОМЕГА-3 VIRIDI LABORATORIUM<br/><br/>Высокая концентрация 60% ПНЖКв форме ЭТИЛОВОГО ЭФИРА<br/><br/>Восполнение дефицитов Omega-3.<br/><br/>Профилактика преждевременного старения и Защита от окислительного стресса<br/><br/>Обеспечивает эластичность и хорошую проницаемость клеточной мембр,images/11115/0.jpg,0
3437,18306,БАД,1,"ОМЕГА-3 VIRIDI LABORATORIUM , 600 капсул (Премиальный рыбий жир 1000 мг. для восполнения дефицитов ПНЖК) , 1 капс 1000 мг","Омега 3 VIRIDI LABORATORIUM, Омега 3 рыбий жир в капсулах для взрослых. 200 капсул Омега-3<br/><br/>высокой концентрации 90% капсулы массой 1000 мг.<br/><br/>Омега-3 концентрат ЭПК и ДГК - это группа жирных кислот омега3 ПНЖК, организм не способен вырабатывать их самостоятельно.<br/><br/>Omega 3 - э",images/18306/0.jpg,0
3440,6563,БАД,0,"Постренеровочный комплекс Scitec Nutrition Whey Isolate Шоколад-Фундук в порошке, 700 мл","Основные компоненты: 1 порция (25 г): белок — изолят и гидролизат сывороточного протеина, аминокислоты BCAA, L-глутамин. Полный перечень компонентов смотрите во вкладке «состав».   Scitec Nutrition Whey Isolate — белковый комплекс, изолят и гидролизат протеина, изготовленный исключительно из сыворот",images/6563/0.jpg,0
3440,6252,БАД,1,"Постренеровочный комплекс Scitec Nutrition Whey Isolate шоколад в порошке, 700 мл","Основные компоненты: 1 порция (25 г): белок — изолят и гидролизат сывороточного протеина, аминокислоты BCAA, L-глутамин. Полный перечень компонентов смотрите во вкладке «состав».   Scitec Nutrition Whey Isolate — белковый комплекс, изолят и гидролизат протеина, изготовленный исключительно из сыворот",images/6252/0.jpg,0
3440,11959,БАД,1,"Постренеровочный комплекс Scitec Nutrition Whey Isolate шоколад в порошке, 700 мл","Основные компоненты: 1 порция (25 г): белок — изолят и гидролизат сывороточного протеина, аминокислоты BCAA, L-глутамин. Полный перечень компонентов смотрите во вкладке «состав».   Scitec Nutrition Whey Isolate — белковый комплекс, изолят и гидролизат протеина, изготовленный исключительно из сыворот",images/11959/0.jpg,0
3440,14856,БАД,1,Постренеровочный комплекс Scitec Nutrition Whey Isolate шоколад в порошке 700 мл,"Основные компоненты: 1 порция (25 г): белок — изолят и гидролизат сывороточного протеина, аминокислоты BCAA, L-глутамин. Полный перечень компонентов смотрите во вкладке «состав».   Scitec Nutrition Whey Isolate — белковый комплекс, изолят и гидролизат протеина, изготовленный исключительно из сыворот",images/14856/0.jpg,0
3440,18257,БАД,1,"Постренеровочный комплекс Scitec Nutrition Whey Isolate Шоколад-Фундук в порошке, 700 мл","Основные компоненты: 1 порция (25 г): белок — изолят и гидролизат сывороточного протеина, аминокислоты BCAA, L-глутамин. Полный перечень компонентов смотрите во вкладке «состав».   Scitec Nutrition Whey Isolate — белковый комплекс, изолят и гидролизат протеина, изготовленный исключительно из сыворот",images/18257/0.jpg,0
3520,6405,БАД,0,Витаминно-минеральный комплекс спортивный Olimp Vita-min Multiple Sport 40+ 60 капсул,"Интенсивная физическая активность и сбалансированное питание у профессиональных спортсменов и людей, регулярно тренирующихся после 40 лет, требуют профессиональной поддержки! Для этой цели хорошо использовать БАДы бренда Olimp Sport Nutrition , который уже много лет обеспечивает высокое качество сво",images/6405/0.jpg,1
3520,11182,БАД,1,Витаминно-минеральный комплекс спортивный Olimp Vita-min Multiple Sport 40+ 60 капсул,"Интенсивная физическая активность и сбалансированное питание у профессиональных спортсменов и людей, регулярно тренирующихся после 40 лет, требуют профессиональной поддержки! Для этой цели хорошо использовать БАДы бренда Olimp Sport Nutrition , который уже много лет обеспечивает высокое качество сво",images/11182/0.jpg,1
3552,6482,БАД,0,"премиальный жиросжигатель 60 капсул, КOMple-FIT90","<p> Премиальный жиросжигатель 60 капсул, KOMple-FIT90</p><p></p><p>Жиросжигатель KOMple-FIT90 — это уникальное средство для тех, кто стремится к идеальному телу и хочет ускорить процесс похудения. Этот продукт создан специально для женщин и мужчин, которые хотят достичь своих целей без лишних усилий",images/6482/0.jpg,0
3552,11365,БАД,0,"Премиальный жиросжигатель 60 капсул, KOMple-FIT90","<p>Представляем вашему вниманию уникальный продукт для тех, кто стремится к идеальному телу и хочет ускорить процесс похудения. Жиросжигатель KOMple-FIT90 - это мощное средство, которое поможет вам достичь желаемых результатов.</p><p></p><p> Особенности продукта:</p><p></p><p>- Комплексный состав: Ж",images/11365/0.jpg,0
3552,10094,БАД,1,капсулы для похудения Комплект Фит90,"<p>Жиросжигающие капсулы для эффективного похудения ""Комплект Фит90"" - это уникальное средство, которое поможет вам достичь желаемой формы и поддерживать ее. Этот продукт создан специально для тех, кто хочет быстро и безопасно избавиться от лишнего веса.</p><p></p><p> Особенности состава:</p><p></p>",images/10094/0.jpg,0
3619,6627,БАД,0,Капсулы для похудения жиросжигатель,"НЕ ЯВЛЯЕТСЯ БАД! Добро пожаловать в мир GoldPuma - новинки среди препаратов для похудения! Наш продукт представляет собой капсулы для похудения, которые помогут вам избавиться от лишнего веса и контролировать свой вес в долгосрочной перспективе. Капсулы Gold Puma разработаны специально для тех, кто ",images/6627/0.jpg,0
3619,12170,БАД,0,Капсулы для похудения жиросжигатель,"НЕ ЯВЛЯЕТСЯ БАД! Добро пожаловать в мир GoldPuma - новинки среди препаратов для похудения! Наш продукт представляет собой капсулы для похудения, которые помогут вам избавиться от лишнего веса и контролировать свой вес в долгосрочной перспективе. Капсулы Gold Puma разработаны специально для тех, кто ",images/12170/0.jpg,0
3619,17889,БАД,1,Капсулы для похудения жиросжигатель,"НЕ ЯВЛЯЕТСЯ БАД! Добро пожаловать в мир GoldPuma - новинки среди препаратов для похудения! Наш продукт представляет собой капсулы для похудения, которые помогут вам избавиться от лишнего веса и контролировать свой вес в долгосрочной перспективе. Капсулы Gold Puma разработаны специально для тех, кто ",images/17889/0.jpg,0
3701,7136,БАД,0,"Янтарная кислота EGENY с соком кизила 15 стиков питьевая, для энергии, укрепления иммунитета, для похудения, для кожи, волос и ногтей. Витамины для сердца и почек","Представьте себе природный эликсир, который не только полезен для здоровья, но и приятен на вкус. Именно такой продукт предлагает компания EGENY - янтарную кислоту в удобных стиках. Это не просто очередная пищевая добавка, а настоящий помощник для вашего организма.<br/><br/>Янтарная кислота EGENY ун",images/7136/0.jpg,0
3701,6841,БАД,1,"Янтарная кислота питьевая EGENY с соком кизила 15 стиков, для энергии, укрепления иммунитета, для похудения, для кожи, волос и ногтей. Витамины для сердца и почек","Представьте себе природный эликсир, который не только полезен для здоровья, но и приятен на вкус. Именно такой продукт предлагает компания EGENY - янтарную кислоту в удобных стиках. Это не просто очередная биологически активная добавка, а настоящий помощник для вашего организма. <br/><br/>Янтарная к",images/6841/0.jpg,0
3747,6950,БАД,0,БАД для иммунитета,"L-тирозин — это незаменимая аминокислота, которая играет важную роль в функционировании организма. Она необходима для синтеза белков, гормонов и нейротрансмиттеров, которые регулируют настроение, обмен веществ и другие важные процессы. L-тирозин Наш организм способен самостоятельно вырабатывать L-ти",images/6950/0.jpg,1
3747,14130,БАД,0,БАД для иммунитета,"L-тирозин — это незаменимая аминокислота, которая играет важную роль в функционировании организма. Она необходима для синтеза белков, гормонов и нейротрансмиттеров, которые регулируют настроение, обмен веществ и другие важные процессы. L-тирозин Наш организм способен самостоятельно вырабатывать L-ти",images/14130/0.jpg,1
3747,7027,БАД,1,БАД для иммунитета,"L-тирозин — это незаменимая аминокислота, которая играет важную роль в функционировании организма. Она необходима для синтеза белков, гормонов и нейротрансмиттеров, которые регулируют настроение, обмен веществ и другие важные процессы. L-тирозин Наш организм способен самостоятельно вырабатывать L-ти",images/7027/0.jpg,1
3747,12950,БАД,1,БАД для иммунитета,"L-тирозин — это незаменимая аминокислота, которая играет важную роль в функционировании организма. Она необходима для синтеза белков, гормонов и нейротрансмиттеров, которые регулируют настроение, обмен веществ и другие важные процессы. L-тирозин Наш организм способен самостоятельно вырабатывать L-ти",images/12950/0.jpg,1
3847,8366,БАД,0,Now БАД для сна 3 мг 60 капс для иммунитета,"Содержание питательных веществ в порции (1 капс.) продукта:  Мелатонин 3 мг  Рекомендации по применению: Принимайте по 1 капсуле ежедневно во время еды.  NOW Melatonin 3 мг - спортивная добавка на основе вещества мелатонин. Продукт относится к категории средств, используемых с целью корректировки су",images/8366/0.jpg,1
3847,7208,БАД,1,Now БАД для сна 3 мг 60 капс для иммунитета,"Содержание питательных веществ в порции (1 капс.) продукта:  Мелатонин 3 мг  Рекомендации по применению: Принимайте по 1 капсуле ежедневно во время еды.  NOW Melatonin 3 мг - спортивная добавка на основе вещества мелатонин. Продукт относится к категории средств, используемых с целью корректировки су",images/7208/0.jpg,1
4027,17155,БАД,0,Ультимэйт БЦА 12000 228 г Pink Lemonade..,"Ароматизированный BCAA Powder 12,000 228 грамм, Розовый лимонад BCAA 12.000 от Ultimate Nutrition - это аминокислоты, способствующие росту мышц и ускоряющие их восстановление. Каждая порция BCAA 12000 содержит 6000 мг незаменимых аминокислот BCAA (лейцин, валин, изолейцин). ВСАА обеспечивают дополни",images/17155/0.jpg,0
4027,7612,БАД,1,Ультимэйт БЦА 12000 228 г Pink Lemonade.,"Ароматизированный BCAA Powder 12,000 228 грамм, Розовый лимонад BCAA 12.000 от Ultimate Nutrition - это аминокислоты, способствующие росту мышц и ускоряющие их восстановление. Каждая порция BCAA 12000 содержит 6000 мг незаменимых аминокислот BCAA (лейцин, валин, изолейцин). ВСАА обеспечивают дополни",images/7612/0.jpg,0
4027,7718,БАД,1,Ультимэйт БЦА 12000 228 г Pink Lemonade,"Ароматизированный BCAA Powder 12,000 228 грамм, Розовый лимонад BCAA 12.000 от Ultimate Nutrition - это аминокислоты, способствующие росту мышц и ускоряющие их восстановление. Каждая порция BCAA 12000 содержит 6000 мг незаменимых аминокислот BCAA (лейцин, валин, изолейцин). ВСАА обеспечивают дополни",images/7718/0.jpg,0
4027,10336,БАД,1,Ультимэйт БЦА 12000 228 г Pink Lemonade..,"Ароматизированный BCAA Powder 12,000 228 грамм, Розовый лимонад BCAA 12.000 от Ultimate Nutrition - это аминокислоты, способствующие росту мышц и ускоряющие их восстановление. Каждая порция BCAA 12000 содержит 6000 мг незаменимых аминокислот BCAA (лейцин, валин, изолейцин). ВСАА обеспечивают дополни",images/10336/0.jpg,0
4027,11273,БАД,1,Ультимэйт БЦА 12000 228 г Pink Lemonade,"Ароматизированный BCAA Powder 12,000 228 грамм, Розовый лимонад BCAA 12.000 от Ultimate Nutrition - это аминокислоты, способствующие росту мышц и ускоряющие их восстановление. Каждая порция BCAA 12000 содержит 6000 мг незаменимых аминокислот BCAA (лейцин, валин, изолейцин). ВСАА обеспечивают дополни",images/11273/0.jpg,0
4027,17958,БАД,1,Ультимэйт БЦА 12000 228 г Pink Lemonade.,"Ароматизированный BCAA Powder 12,000 228 грамм, Розовый лимонад BCAA 12.000 от Ultimate Nutrition - это аминокислоты, способствующие росту мышц и ускоряющие их восстановление. Каждая порция BCAA 12000 содержит 6000 мг незаменимых аминокислот BCAA (лейцин, валин, изолейцин). ВСАА обеспечивают дополни",images/17958/0.jpg,0
4097,7757,БАД,0,"Пихта сибирская, концентрат на фруктозе, 200 мл от Вистерра. Восстанавливает иммунитет и работу органов дыхательной системы","Пихта сибирская на фруктозе – это эффективный адаптоген, повышает резистентность организма к микробам, оптимизирует умственную и физическую работоспособности.<br/><br/>Доказано успешное применение экстракта при ОРЗ, гриппе, хронических ЛОР- и бронхолёгочных заболеваниях, поражениях желудочно-кишечно",images/7757/0.jpg,0
4097,18053,БАД,1,"Пихта сибирская, концентрат на фруктозе, 200 мл от Вистерра. Восстанавливает иммунитет и работу органов дыхательной системы","Пихта сибирская на фруктозе – это эффективный адаптоген, повышает резистентность организма к микробам, оптимизирует умственную и физическую работоспособности.<br/><br/>Доказано успешное применение экстракта при ОРЗ, гриппе, хронических ЛОР- и бронхолёгочных заболеваниях, поражениях желудочно-кишечно",images/18053/0.jpg,0
4214,18325,БАД,0,"NOW Sunflower Lecithin pure powder, подсолнечный лецитин порошок, 454 грамма","NOW Sunflower Lecithin pure powder 454 gr, 
Подсолнечный лецитин NOW  извлекается из подсолнечного масла с помощью экстракции. Отличие подсолнечного лецитина нау от соевого заключается прежде всего в составе и содержании фосфолипидов, а также жирных кислот, которые различаются у каждой из растительн",images/18325/0.jpg,1
4214,8058,БАД,1,"NOW Sunflower Lecithin pure powder, подсолнечный лецитин порошок, 454 грамма","NOW Sunflower Lecithin pure powder 454 gr, 
Подсолнечный лецитин NOW  извлекается из подсолнечного масла с помощью экстракции. Отличие подсолнечного лецитина нау от соевого заключается прежде всего в составе и содержании фосфолипидов, а также жирных кислот, которые различаются у каждой из растительн",images/8058/0.jpg,1
4417,8514,БАД,0,"L-Аргинин 500МГ, NOW L-Arginine 500MG 250 VCAPS / 250 Капсул",К полезным свойствам L-аргинина относят следующие:<ul><li>расширение коронарных сосудов;</li><li>участие в клеточном метаболизме;</li><li>психотропное действие;</li><li>антиатеросклеротический эффект;</li><li>угнетение образование кровяных сгустков и тромбов;</li><li>усиление синтеза белка в клетке;,images/8514/0.jpg,1
4417,12652,БАД,1,"L-Аргинин 500МГ, NOW L-Arginine 500MG 250 VCAPS / 250 Капсул",К полезным свойствам L-аргинина относят следующие:<ul><li>расширение коронарных сосудов;</li><li>участие в клеточном метаболизме;</li><li>психотропное действие;</li><li>антиатеросклеротический эффект;</li><li>угнетение образование кровяных сгустков и тромбов;</li><li>усиление синтеза белка в клетке;,images/12652/0.jpg,1
4594,13633,БАД,0,"Янтарная кислота EGENY с соком кизила 30 стиков питьевая, для энергии, укрепления иммунитета, для похудения, для кожи, волос и ногтей. Витамины для сердца и почек","Представьте себе природный эликсир, который не только полезен для здоровья, но и приятен на вкус. Именно такой продукт предлагает компания EGENY - янтарную кислоту в удобных стиках. Это не просто очередная пищевая добавка, а настоящий помощник для вашего организма.<br/><br/>Янтарная кислота EGENY ун",images/13633/0.jpg,0
4594,8925,БАД,1,"Янтарная кислота питьевая EGENY с соком кизила 30 стиков, для энергии, укрепления иммунитета, для похудения, для кожи, волос и ногтей. Витамины для сердца и почек","Представьте себе природный эликсир, который не только полезен для здоровья, но и приятен на вкус. Именно такой продукт предлагает компания EGENY - янтарную кислоту в удобных стиках. Это не просто очередная биологически активная добавка, а настоящий помощник для вашего организма. <br/><br/>Янтарная к",images/8925/0.jpg,0
4771,9352,БАД,0,"Шоколад с афродизиаками ChoсoLovers (20 г), choco-54","Косметика, препараты, для женщин и мужчин, стандартный <br>20 г <br>Афродизиак вдвойне! Шоколад отличный афродизиак, а шоколад ChoсoLovers еще лучше!
 <br>Этот шоколад усиливает желание, способствует усилению яркости ощущений во время близости.
 <br>Замечательный романтический подарок и тонкий намек",images/9352/0.jpg,0
4771,9492,БАД,1,"Шоколад с афродизиаками ChoсoLovers (20 г), choco-54","Косметика, препараты, для женщин и мужчин, стандартный <br>20 г <br>Афродизиак вдвойне! Шоколад отличный афродизиак, а шоколад ChoсoLovers еще лучше!
 <br>Этот шоколад усиливает желание, способствует усилению яркости ощущений во время близости.
 <br>Замечательный романтический подарок и тонкий намек",images/9492/0.jpg,0
5003,9880,БАД,0,Кофеиновые паучи спортивный энергетик без сахара,"Brainvolt – кофеиновые паучи в компактном формате<br/><br/>В данной вариации представлена 1 упаковка. Продукт не содержит никотин, сахар и табак.<br/><br/>Кофеиновые паучи Brainvolt разработаны для удобного использования в условиях, когда обычные напитки недоступны. Один пакетик содержит до 200 мг к",images/9880/0.jpg,0
5003,13886,БАД,1,Кофеиновые паучи спортивный энергетик без сахара,"Brainvolt – кофеиновые паучи в компактном формате<br/><br/>В данной вариации представлена 1 упаковка. Продукт не содержит никотин, сахар и табак.<br/><br/>Кофеиновые паучи Brainvolt разработаны для удобного использования в условиях, когда обычные напитки недоступны. Один пакетик содержит до 200 мг к",images/13886/0.jpg,0
5062,10006,Легковоспламеняющиеся,0,"Роллы BOYSCOUT для розжига мангалов, барбекю, каминов и печей со спичкой 3 шт. в уп.","С помощью различных принадлежностей для розжига Boyscout растопка гриля, котла, печи, бани, камина станет простым и безопасным делом. Брикетированный уголь, топливные брикеты и роллы для розжига, поленья длительного горения – это удобные и практичные средства для дачников, туристов, рыбаков и охотни",images/10006/0.jpg,1
5062,16586,Легковоспламеняющиеся,1,"Роллы для розжига мангалов, барбекю, каминов и печей со спичкой 3 шт. в уп.","С помощью различных принадлежностей для розжига Boyscout растопка гриля, котла, печи, бани, камина станет простым и безопасным делом. Брикетированный уголь, топливные брикеты и роллы для розжига, поленья длительного горения – это удобные и практичные средства для дачников, туристов, рыбаков и охотни",images/16586/0.jpg,1
5065,10014,БАД,0,Кофе для похудения жиросжигатель,"Турецкий кофе - мощная пищевая добавка, витамины и бады для эффективного сжигания объемов. Жиросжигающий комплекс разработан для борьбы с избыточной массой тела, помогает худеть, сохраняя оптимальный вес. Это легкий и быстрый способ избавления от лишних килограммов без изнурительных диет и тяжелых ф",images/10014/0.jpg,0
5065,13702,БАД,1,Slim Iux Кофе для похудения,"Турецкий кофе - мощная пищевая добавка, витамины и бады для эффективного сжигания объемов. Жиросжигающий комплекс разработан для борьбы с избыточной массой тела, помогает худеть, сохраняя оптимальный вес. Это легкий и быстрый способ избавления от лишних килограммов без изнурительных диет и тяжелых ф",images/13702/0.jpg,0
5065,14251,БАД,1,SLT Slim Iux Кофе для похудения,"Турецкий кофе - мощная пищевая добавка, витамины и бады для эффективного сжигания объемов. Жиросжигающий комплекс разработан для борьбы с избыточной массой тела, помогает худеть, сохраняя оптимальный вес. Это легкий и быстрый способ избавления от лишних килограммов без изнурительных диет и тяжелых ф",images/14251/0.jpg,0
5418,13948,БАД,0,"Предтренировочный комплекс Insane Labz Psychotic BLACK фруктовый пунш 35 порций, предтрен, энергетик","Psychotic Black от Insane Labz – пампинг + стимуляция ЦНС – высокоэффективный предтренировочный комплекс для атлетов любого уровня тренированности. 1 порция = 1 скуп усваивается спустя 15-30 минут после употребления и действует 2-2,5 часа. Эффект начинается плавно – без резкого подъема энергии (без ",images/13948/0.jpg,1
5418,10944,БАД,1,"Предтренировочный комплекс Insane Labz Psychotic BLACK фруктовый пунш 35 порций, предтрен, энергетик, спортивное питание","Psychotic Black от Insane Labz – пампинг + стимуляция ЦНС – высокоэффективный предтренировочный комплекс для атлетов любого уровня тренированности. 1 порция = 1 скуп усваивается спустя 15-30 минут после употребления и действует 2-2,5 часа. Эффект начинается плавно – без резкого подъема энергии (без ",images/10944/0.jpg,1
5621,13425,БАД,0,Кофеиновые паучи без сахара,"Brainvolt – кофеиновые паучи в компактном формате<br/><br/>В данной вариации представлена 1 упаковка. Продукт не содержит никотин, сахар и табак.<br/><br/>Кофеиновые паучи Brainvolt разработаны для удобного использования в условиях, когда обычные напитки недоступны. Один пакетик содержит до 200 мг к",images/13425/0.jpg,0
5621,11503,БАД,1,Кофеиновые паучи без сахара,"Brainvolt – кофеиновые паучи в компактном формате<br/><br/>В данной вариации представлена 1 упаковка. Продукт не содержит никотин, сахар и табак.<br/><br/>Кофеиновые паучи Brainvolt разработаны для удобного использования в условиях, когда обычные напитки недоступны. Один пакетик содержит до 200 мг к",images/11503/0.jpg,0
5621,13395,БАД,1,Кофеиновые паучи без сахара,"Brainvolt – кофеиновые паучи в компактном формате<br/><br/>В данной вариации представлена 1 упаковка. Продукт не содержит никотин, сахар и табак.<br/><br/>Кофеиновые паучи Brainvolt разработаны для удобного использования в условиях, когда обычные напитки недоступны. Один пакетик содержит до 200 мг к",images/13395/0.jpg,0
5881,12118,БАД,0,Коллагеновые конфеты для похудения и потери веса,"Жиросжигатель - не просто сильные и эффективный коллаген для похудения, это средство нового поколения, содержащее в себе уникальный комплекс витаминов, л карнитина (l carnitine) и пищевых добавок, который поможет вам обрести желаемую фигуру без изнурительных тренировок и строгих диет. Иновационная ф",images/12118/0.jpg,0
5881,15413,БАД,1,Натуральные коллагеновые конфеты для похудения,"Collagen - корейский премиальный морской коллаген порошок в саше со вкусом персика, в состав которого входит низкомолекулярный пептид рыбного коллагена, гиалуроновая кислота, витамин С, экстракт алоэ вера, смешанный порошок лактобактерий. Коллаген комплекс поддерживает формирование коллагена изнутри",images/15413/0.jpg,0
6316,13249,БАД,0,Л-Карнитин Olimp L-Carnitine Xplode Powder - 300 грамм,"Биологически активная добавка Olimp L-Carnitine Xplode Powder® — еще одно предложение препарата для уменьшения жировой ткани из популярной линейки продуктов Xplode Powder от  Olimp Sport Nutrition . Команда специалистов фармацевтической компании Olimp Laboratories , благодаря профессиональным знания",images/13249/0.jpg,0
6316,17119,БАД,1,Л-Карнитин Olimp L-Carnitine Xplode Powder - 300 грамм,"Биологически активная добавка Olimp L-Carnitine Xplode Powder® — еще одно предложение препарата для уменьшения жировой ткани из популярной линейки продуктов Xplode Powder от  Olimp Sport Nutrition . Команда специалистов фармацевтической компании Olimp Laboratories , благодаря профессиональным знания",images/17119/0.jpg,0
6652,14153,БАД,0,Пажитник капсулы / хельба в капсулах / шамбала,"Хельба в капсулах - это натуральная пищевая добавка, которая станет отличным дополнением к вашему рациону. Изготавливается из молотой хельбы, известной также как пажитник. Этот продукт обладает множеством полезных свойств, благодаря которым он заслужил популярность среди тех, кто заботится о своем з",images/14153/0.jpg,0
6652,17708,БАД,1,Mirusalam / Пажитник капсулы / хельба в капсулах / шамбала,"Хельба в капсулах - это натуральная пищевая добавка, которая станет отличным дополнением к вашему рациону. Изготавливается из молотой хельбы, известной также как пажитник. Этот продукт обладает множеством полезных свойств, благодаря которым он заслужил популярность среди тех, кто заботится о своем з",images/17708/0.jpg,0
6921,14885,БАД,0,"MVP Lutein, Лютеин для остроты зрения 90 капсул","Лютеин и зеаксантин представляют собой каротиноидные пигменты, удаляющие свободные радикалы, которые часто встречаются вместе в овощах. В организме они откладываются в макуле, специализированной области глаза, для глаз бад отвечающей за центральное зрение. Действуют как первичные фильтры высокоэнерг",images/14885/0.jpg,0
6921,16389,БАД,1,MVP Lutein Лютеин для остроты зрения 90 капсул,"Лютеин и зеаксантин представляют собой каротиноидные пигменты, удаляющие свободные радикалы, которые часто встречаются вместе в овощах. В организме они откладываются в макуле, специализированной области глаза, для глаз бад  отвечающей за центральное зрение. Действуют как первичные фильтры высокоэнер",images/16389/0.jpg,0
