id,family
0,3776
1,4652
2,4960
5,1684
6,3243
7,5923
8,3143
9,3689
10,6323
11,4851
13,5978
14,1298
16,5807
17,5871
19,5004
20,2445
22,1955
24,6012
26,3480
27,1977
28,2041
30,5619
31,2277
32,4365
33,5490
34,1941
35,5084
36,2273
37,4287
38,5456
39,4087
40,687
41,4050
42,4316
43,372
44,4839
47,1309
49,3829
53,6163
55,588
60,5080
61,5378
62,161
64,2042
65,2277
66,3721
71,2777
72,270
76,643
78,6263
81,1836
82,6196
83,3277
85,4273
86,3259
87,2277
88,6070
89,5861
90,486
93,5789
94,6003
95,5632
96,3931
97,3447
98,2335
99,5004
100,4282
101,5546
103,6020
104,3770
105,5795
106,5179
109,2947
110,1849
111,5230
112,6234
113,1693
114,3463
115,3605
117,657
119,1680
120,5708
121,1465
122,1161
123,5366
124,3328
125,4214
126,2166
129,3702
130,6161
131,3960
132,2095
133,2386
134,3552
135,2909
136,1557
137,5832
138,2168
139,6303
140,3744
142,2727
143,538
145,5815
146,5892
147,949
148,4445
150,5870
151,4218
152,2350
153,1210
155,3708
156,2303
158,1850
159,4853
161,1160
163,4796
164,4856
165,5036
166,6320
167,5217
169,4703
170,2283
171,5980
172,3164
173,3933
174,2757
175,2413
177,1266
179,3498
180,5378
182,3299
184,1207
185,6327
186,6239
187,1145
188,4806
190,4203
191,5795
192,3562
193,5941
194,4326
195,1946
196,5421
198,5701
199,942
200,3519
201,3776
203,1051
205,1442
206,1063
207,2466
208,5759
209,4557
211,6302
212,5469
214,1520
216,5959
217,3016
218,5053
219,2275
220,1534
221,687
222,2836
223,3146
224,2277
227,3725
228,5338
229,2342
231,2095
232,4117
233,1271
234,3834
236,432
237,1276
238,463
239,530
240,5014
242,3825
243,892
244,5633
245,4671
246,3428
249,542
250,3744
251,3196
252,2021
256,930
257,555
258,3911
259,625
261,4214
262,3107
263,3037
264,5815
265,2852
266,5198
267,5782
268,2277
269,4975
270,34
273,4952
275,4806
276,2004
279,6239
281,252
282,2634
283,265
284,14
285,1210
286,1811
288,784
289,4796
290,630
291,783
294,1826
296,2864
297,2021
298,4503
299,3767
300,3112
301,6208
302,2956
303,4513
304,3502
305,5892
306,3744
309,1817
310,212
311,1865
312,1261
314,5144
316,6386
318,374
319,3333
320,5981
321,1374
322,5681
324,5004
325,3390
326,823
327,14
328,2630
331,5823
332,3259
333,853
334,3776
335,2192
336,1484
337,6150
339,2116
340,4289
342,6008
343,3612
345,4798
346,5633
347,4796
348,466
349,3748
350,1577
351,4997
352,4364
353,6239
355,6133
356,4235
357,3744
358,6198
359,4141
361,1210
362,4273
363,3335
364,1082
366,1822
367,1960
368,1271
369,1460
370,2915
372,4641
373,2706
374,4460
375,3691
377,4051
378,3448
379,6040
380,4916
385,849
388,1252
389,4576
390,6315
392,2021
393,5783
395,4852
397,1836
398,950
399,2773
400,2033
401,5450
402,1827
404,744
406,1345
407,2021
409,3833
410,3167
412,3365
413,5198
414,6204
415,5004
416,4874
417,5126
419,5566
421,1475
424,6352
427,4286
428,1990
429,5828
430,234
431,5311
432,212
433,4182
434,2365
436,4520
437,370
438,4883
439,6239
440,4750
441,1508
442,1492
443,5870
444,144
445,5469
446,3635
447,5059
448,134
449,1674
451,2455
452,5721
454,3353
455,1564
456,771
458,1428
459,1562
461,2134
463,4347
464,5632
465,690
466,5892
467,5623
468,3317
469,1363
471,628
475,1825
476,4393
477,2877
479,2002
480,3945
481,3973
482,1086
485,1679
486,234
487,4170
488,484
490,1020
491,1777
492,4507
493,4952
495,934
496,3710
497,1681
498,3479
499,1691
500,6153
501,2253
502,2278
505,4044
506,1170
507,3885
508,6323
509,6245
510,6008
511,4860
512,1729
514,5455
515,689
516,3382
517,4775
518,5004
519,2705
520,5567
522,4291
523,1730
524,5965
525,1210
526,4802
527,1210
531,4274
533,3346
534,3776
535,6028
539,801
540,745
541,691
542,1587
543,2853
544,178
545,1638
548,2372
550,1494
551,4738
553,1452
554,4160
556,3502
557,4400
558,3516
559,2829
563,5113
564,6182
565,1892
567,1275
568,3342
570,5311
572,1210
573,3744
574,2400
575,926
576,5043
579,5385
581,3666
582,5603
583,2700
585,3156
586,1587
588,617
591,2312
592,6111
594,574
595,2318
596,1851
598,2277
601,3206
602,1111
603,4926
604,1429
606,3512
608,4892
610,1281
611,5366
612,2021
613,2289
614,3416
615,4375
616,430
617,5131
618,4555
620,6099
623,2277
625,4891
626,1210
627,4717
628,1351
629,3206
630,5953
632,2423
635,5701
636,315
637,2174
638,5794
640,0
643,1683
644,4592
645,676
648,5004
649,1481
650,1480
651,3842
652,3752
653,2846
654,266
658,3614
659,1739
661,2590
662,6128
663,2021
664,4368
665,4811
666,3744
667,3347
669,209
670,6111
671,2021
673,3469
676,1467
677,2034
679,3255
680,5106
681,3625
682,4938
683,3440
686,2996
687,2918
688,2633
689,5525
690,10
691,643
694,718
695,1897
697,2282
701,2277
702,3463
703,1869
704,4919
705,5753
706,5417
707,3319
709,2299
712,4191
713,4952
714,5702
715,4105
716,5511
717,6329
719,5298
721,2021
724,4391
726,1393
727,5029
728,4853
729,5971
730,2455
731,5790
732,767
733,3512
734,2021
735,4646
736,6211
738,2514
739,3698
740,4274
741,2084
742,6326
743,5778
744,5512
745,5799
746,4129
749,627
750,3736
751,816
752,3690
753,4871
754,2885
755,3355
758,2136
760,66
761,5892
762,1858
768,5768
769,1082
770,1770
771,3705
773,3291
774,1210
775,1373
777,3179
778,4519
780,5004
781,1210
782,234
783,6228
786,2202
787,2571
788,5158
789,2387
790,4503
791,10
792,2089
793,4941
794,3812
795,1719
796,6069
797,76
798,539
800,2467
801,814
803,5575
804,2543
807,1940
809,5599
810,830
811,212
812,5066
814,739
816,2773
817,1136
818,1210
819,586
820,2069
823,5684
824,4502
825,576
826,2850
829,1701
830,5555
833,2010
834,758
835,3207
836,4291
837,2108
838,2702
839,4783
840,1829
842,876
843,2886
844,3776
846,4187
847,2926
848,1135
849,444
852,4203
853,5633
854,2021
855,5084
856,6290
857,2608
858,767
859,4402
860,1273
861,6230
862,5283
863,4630
867,3998
870,386
871,212
872,3936
874,5608
879,6264
880,1179
881,4092
882,1699
885,1498
886,6028
887,6194
888,380
889,723
891,411
892,1847
893,4739
896,3697
897,4518
898,778
899,4146
901,6162
902,927
903,2891
904,2418
907,208
908,371
909,4627
911,956
913,6131
914,2021
916,4076
919,212
920,2427
922,2279
923,860
924,3055
926,4725
927,3145
929,2305
930,3069
931,6239
932,2846
933,300
934,532
935,693
936,2139
937,140
938,3507
940,4106
941,312
942,5259
944,4375
945,5155
946,2349
947,71
948,1166
952,6080
953,2095
955,6369
956,3127
957,948
958,2907
959,2745
960,5259
961,3851
963,5943
964,4891
965,5873
966,3607
968,1564
969,3287
971,4820
972,4956
973,4989
975,3856
976,853
977,2277
979,757
980,6366
982,5281
983,2183
984,1158
985,3208
988,5632
989,5632
990,2277
992,5122
993,1886
994,3465
995,1748
996,4369
997,255
998,2434
999,2984
1000,2081
1001,1690
1003,1703
1004,3181
1005,742
1008,5079
1009,1587
1010,823
1012,6195
1013,1629
1015,72
1016,1210
1017,1064
1018,5930
1019,1044
1020,4948
1021,738
1022,3744
1023,3140
1025,2187
1026,3296
1028,3704
1029,670
1030,1518
1031,3502
1032,2048
1037,1766
1038,2385
1040,398
1041,2512
1042,3524
1043,2987
1044,5687
1046,4722
1047,1210
1048,2137
1049,4627
1050,4720
1053,2095
1054,1020
1056,525
1057,2021
1058,5446
1060,5652
1063,5190
1065,1151
1066,3463
1067,3410
1069,5359
1071,179
1072,1081
1073,4627
1074,2646
1075,2360
1080,1090
1081,1045
1084,4429
1085,2916
1087,1192
1090,4431
1091,2826
1092,5701
1093,3446
1094,3847
1096,5795
1097,5835
1098,5633
1099,1074
1100,4093
1102,1790
1103,4647
1104,1798
1106,351
1107,3829
1108,3948
1110,5366
1111,6230
1112,3189
1113,5873
1115,3785
1116,6078
1118,4952
1119,1681
1120,6209
1121,2253
1123,2430
1125,4742
1126,5559
1127,4968
1132,713
1134,6216
1135,5769
1136,2240
1138,2274
1139,1587
1140,3984
1141,2709
1145,1210
1146,3191
1147,1930
1149,3467
1150,1508
1151,370
1154,3076
1155,6279
1158,4102
1159,215
1161,4419
1162,4575
1163,4262
1165,3988
1166,266
1167,3215
1170,2654
1171,4618
1173,4789
1174,4469
1175,900
1176,4079
1177,2277
1178,266
1179,5004
1182,5892
1183,5140
1185,3874
1188,2095
1192,237
1194,5785
1196,1546
1197,4562
1199,6223
1201,3404
1204,6022
1205,2755
1206,4539
1207,5684
1209,6226
1211,486
1212,4485
1213,4203
1216,45
1217,412
1219,3467
1221,1775
1223,552
1224,3621
1226,277
1229,4127
1230,5890
1231,2277
1233,1600
1234,4291
1236,2547
1237,6111
1240,5705
1241,2900
1242,4168
1243,1646
1245,5179
1246,4777
1247,6244
1250,2430
1251,4670
1252,260
1253,5968
1254,1824
1255,4714
1258,288
1259,4272
1260,6356
1261,5355
1262,4941
1264,3871
1265,5353
1266,3025
1267,2871
1269,3782
1270,1795
1271,6305
1272,4102
1275,1141
1276,2021
1278,3871
1279,4506
1280,4917
1281,1464
1282,4108
1284,1590
1285,3612
1287,2718
1288,5342
1291,4313
1292,2331
1293,4658
1294,2987
1295,5982
1298,4102
1299,2277
1301,1161
1302,1826
1303,4037
1304,4883
1305,5084
1306,5266
1307,2036
1308,5259
1309,5951
1311,3562
1312,5084
1313,465
1314,6342
1315,3772
1317,4347
1318,6320
1320,4501
1323,4399
1326,5748
1327,5704
1328,1118
1329,1418
1330,3201
1332,3542
1333,5544
1334,2833
1335,4057
1336,353
1337,5784
1339,2080
1340,3184
1341,2407
1342,5404
1346,848
1348,2816
1349,5022
1350,975
1351,1646
1355,6045
1356,2893
1357,5082
1358,5343
1359,4020
1360,685
1361,3820
1362,6342
1363,3634
1364,5088
1365,3474
1366,4246
1367,1271
1368,4469
1369,1134
1370,3759
1372,248
1374,2088
1377,1639
1378,5831
1379,3851
1380,340
1383,3992
1386,5444
1387,6147
1388,6261
1390,4513
1391,268
1392,4646
1393,1145
1394,433
1396,1901
1397,4555
1398,6032
1399,2095
1401,2961
1402,3134
1403,5469
1404,2929
1405,2095
1406,79
1407,532
1409,2987
1410,1980
1411,651
1412,1151
1413,35
1415,5979
1416,1215
1417,3401
1418,1797
1419,4973
1420,4211
1421,3502
1422,4433
1423,3555
1424,3776
1425,5649
1428,4691
1429,4485
1430,2014
1431,1941
1432,2277
1433,5004
1434,3419
1436,2629
1438,2021
1439,1210
1442,1297
1446,3238
1447,5942
1449,1006
1450,5632
1452,4961
1453,3992
1454,3691
1455,6239
1456,4996
1458,4965
1459,3839
1460,1810
1463,5207
1464,3647
1467,1509
1468,3020
1469,2899
1473,2418
1474,4513
1475,6186
1477,572
1479,5249
1480,1237
1482,1381
1483,1912
1485,2491
1486,737
1487,29
1489,5925
1490,332
1492,5831
1494,2027
1496,506
1497,5306
1501,5084
1502,4007
1503,2094
1506,3
1507,3849
1508,3460
1509,5789
1510,3234
1512,5926
1513,1679
1514,5176
1515,3705
1516,3868
1518,1633
1519,5053
1520,3936
1523,4738
1524,248
1525,1156
1526,4590
1527,5621
1529,4763
1531,2277
1533,4542
1534,1585
1535,4984
1536,1288
1539,2636
1540,3398
1543,1174
1544,3776
1545,2483
1546,4145
1547,6040
1548,3242
1550,4593
1551,2056
1552,261
1553,2025
1554,4891
1555,5126
1556,5469
1557,1546
1558,3578
1559,4674
1560,6004
1561,3435
1564,4761
1565,4930
1566,2779
1568,3900
1570,1292
1572,3415
1576,3586
1577,1807
1581,2953
1582,2379
1583,4574
1584,4022
1585,6331
1586,132
1589,5741
1591,1776
1592,5708
1594,2145
1595,5253
1597,1789
1599,6124
1600,3536
1601,409
1603,5873
1604,4109
1605,3163
1606,536
1607,935
1608,2727
1609,1107
1610,4441
1611,2253
1612,4552
1614,4309
1615,2035
1616,4697
1618,237
1620,5307
1621,260
1622,4555
1625,763
1626,4526
1628,3882
1629,5047
1633,5020
1634,4829
1636,4663
1638,3793
1639,2021
1640,6122
1641,5528
1642,2169
1643,3756
1644,1502
1645,5084
1647,5159
1648,298
1649,408
1651,783
1652,2471
1653,4952
1655,4313
1657,1238
1658,3855
1660,5690
1661,6035
1662,1210
1663,4952
1665,4891
1666,2975
1667,3453
1668,3270
1669,5057
1670,5570
1671,2579
1673,5892
1674,4831
1675,2116
1676,5272
1677,4892
1678,2360
1679,3648
1681,3616
1682,4219
1683,290
1684,1160
1685,4015
1686,1835
1688,489
1689,3256
1690,5985
1691,2031
1692,3174
1693,2709
1694,2538
1695,3301
1696,1523
1700,1595
1701,2072
1702,5983
1703,401
1705,4102
1706,3962
1707,3128
1708,3762
1709,835
1710,3710
1711,2426
1712,560
1713,2809
1714,2610
1715,5626
1717,539
1719,1407
1720,5012
1721,5585
1723,1210
1724,2369
1727,2620
1728,669
1729,3054
1730,3626
1731,1710
1733,1717
1734,705
1736,5674
1737,3318
1739,5259
1740,4568
1741,3271
1742,5207
1743,4155
1744,1935
1745,3481
1748,2318
1750,1210
1751,2613
1752,3216
1754,237
1756,4499
1757,5180
1758,689
1759,4775
1760,4340
1762,6063
1763,2166
1764,5892
1767,770
1768,1210
1769,4268
1770,5507
1773,3893
1774,4912
1775,2487
1776,2808
1777,4833
1778,1974
1779,5309
1780,1648
1781,4260
1782,635
1783,5004
1784,6230
1786,4
1787,1941
1788,5441
1789,654
1792,5960
1793,1657
1794,6053
1798,1375
1800,725
1803,5288
1804,1252
1805,73
1806,4443
1807,237
1808,3784
1809,4692
1810,22
1811,4035
1812,1210
1813,5593
1816,4082
1819,3421
1820,2710
1822,5773
1823,1467
1824,6062
1825,6265
1826,4182
1827,4952
1828,4181
1829,283
1831,5040
1832,3081
1834,3289
1836,3084
1839,6287
1840,2416
1841,4521
1842,569
1843,173
1845,5396
1846,2277
1848,798
1849,2077
1850,5873
1852,2416
1853,2014
1854,5448
1855,260
1857,2642
1858,4646
1859,3263
1860,3309
1861,3604
1862,1240
1864,4068
1866,5873
1867,5659
1871,3191
1872,5381
1873,2410
1875,3029
1877,268
1879,2395
1880,2542
1881,176
1882,2489
1883,621
1884,4367
1886,4903
1887,1340
1888,2095
1889,4952
1890,3201
1891,1085
1892,4946
1893,2021
1894,5193
1895,5286
1896,6281
1898,1822
1901,2968
1903,5235
1904,162
1905,4568
1906,5381
1907,410
1909,5633
1910,3357
1911,1950
1912,3744
1913,4646
1917,4697
1918,4208
1919,5377
1924,4939
1925,4796
1926,2629
1928,200
1929,6150
1931,219
1932,2376
1933,730
1934,5270
1935,2668
1936,107
1938,5772
1939,733
1942,4730
1943,2095
1945,6233
1947,2067
1948,5341
1949,2277
1950,801
1951,2804
1952,5873
1954,4396
1956,680
1957,1205
1958,2277
1959,696
1961,412
1962,684
1963,4186
1964,3452
1967,4646
1968,59
1969,5453
1970,3744
1971,5916
1972,878
1976,3201
1977,2107
1979,6026
1980,3273
1981,5556
1982,5664
1984,1594
1986,5843
1987,3681
1988,3323
1989,5236
1990,4285
1991,4386
1993,5184
1997,3612
1999,2155
2000,2479
2004,2550
2006,6130
2007,2285
2008,2052
2009,5519
2010,1281
2011,2095
2012,3756
2014,4952
2018,4772
2020,4697
2022,6362
2023,4680
2024,1249
2025,5861
2026,816
2027,6157
2028,1006
2029,2613
2031,4331
2033,5597
2034,5013
2036,3710
2039,2674
2040,4420
2041,5329
2043,324
2045,4131
2046,5136
2047,2314
2048,4926
2049,592
2051,5892
2052,5132
2054,4948
2055,3776
2056,2277
2057,1663
2058,5366
2060,1365
2061,3372
2062,3463
2064,1529
2065,1675
2066,3800
2067,873
2068,4203
2069,1204
2070,1557
2073,4523
2074,2112
2075,234
2079,2487
2081,4777
2082,179
2084,6041
2086,3674
2088,5107
2089,4695
2090,6235
2091,132
2092,3356
2094,4102
2096,5892
2097,3428
2098,5457
2099,2302
2101,268
2103,72
2104,1020
2105,6111
2106,6372
2107,3686
2108,5186
2109,1995
2110,3959
2116,5694
2117,1980
2118,5539
2119,3744
2123,5231
2125,6147
2126,4044
2127,1696
2128,3588
2129,684
2130,415
2131,888
2132,4679
2133,1210
2134,3995
2135,2819
2136,2896
2140,767
2143,1166
2144,1949
2145,1212
2146,5820
2148,4240
2149,1985
2150,4090
2151,6208
2153,4322
2155,3378
2158,3644
2159,1087
2160,5280
2163,1210
2164,4937
2166,5153
2167,866
2168,2277
2169,1284
2170,3837
2171,2277
2172,3457
2173,2967
2174,2356
2175,2754
2176,2774
2180,2615
2181,6355
2183,4942
2186,5057
2187,1529
2188,4511
2189,6227
2190,3474
2193,5344
2194,909
2195,293
2196,2539
2197,809
2198,1747
2199,5061
2201,4361
2204,5564
2205,6114
2207,2854
2208,3776
2210,3580
2211,412
2212,787
2213,3304
2214,1578
2215,2277
2217,2112
2218,1789
2219,3932
2220,665
2221,1856
2222,2228
2224,5004
2226,2089
2227,1715
2229,3006
2232,5242
2233,2632
2234,2333
2237,2615
2238,1816
2240,2128
2242,1814
2244,2572
2245,4245
2246,5955
2247,1336
2248,5558
2249,5478
2250,4245
2251,5735
2252,4012
2253,4092
2254,6209
2255,325
2259,4815
2260,4213
2261,1269
2262,2961
2263,1428
2266,2014
2268,5365
2269,108
2272,4454
2273,656
2274,1245
2275,1093
2276,6053
2277,966
2278,2277
2279,2042
2280,3527
2283,1493
2285,4634
2286,5452
2287,737
2288,4438
2289,2166
2293,4680
2294,1887
2295,4027
2296,1407
2297,3562
2298,164
2299,6147
2300,1543
2301,3132
2302,4628
2304,1307
2305,1210
2306,47
2310,2888
2311,4497
2312,4323
2315,5804
2316,4118
2318,2277
2320,1418
2321,3677
2322,463
2323,1210
2324,2274
2325,1672
2330,160
2333,3385
2336,485
2337,5545
2339,2736
2340,2035
2341,5180
2342,3555
2345,3923
2347,5751
2348,5010
2351,963
2352,3849
2354,3320
2355,646
2356,2286
2358,2277
2360,1008
2361,1211
2363,6092
2365,4749
2369,804
2370,1968
2371,5485
2372,5503
2373,3674
2374,5373
2376,4965
2378,5162
2379,1041
2381,3834
2382,1408
2383,818
2389,2943
2390,1000
2391,516
2393,6236
2397,4346
2399,5630
2401,2149
2405,5084
2409,531
2410,2277
2413,5609
2414,4282
2415,5873
2420,5413
2421,5749
2425,1252
2426,2987
2427,4350
2428,3858
2429,527
2430,179
2431,5077
2434,2904
2437,5832
2438,5198
2439,5178
2440,146
2442,2935
2444,6230
2445,1829
2446,4844
2448,4898
2449,4306
2450,110
2451,3271
2452,1276
2453,1465
2454,1931
2455,3590
2456,2040
2457,2109
2458,3758
2459,1735
2460,2750
2461,2442
2462,2066
2464,4288
2465,1135
2471,641
2474,3664
2475,2528
2477,6096
2478,5656
2479,2487
2480,2418
2481,1210
2482,5512
2485,4671
2486,5665
2487,4245
2488,751
2491,2230
2493,2167
2494,5789
2495,3122
2497,5703
2498,3506
2499,5259
2500,4544
2501,3528
2502,2156
2505,4671
2506,5701
2507,5751
2509,3992
2510,2050
2511,1983
2513,4768
2514,5168
2515,3118
2516,1941
2517,1664
2519,1475
2522,2956
2523,5907
2524,4375
2525,1670
2526,4671
2527,736
2528,4942
2530,4853
2532,2527
2533,441
2534,5543
2536,716
2538,1252
2539,1789
2540,3916
2542,5985
2543,331
2545,2873
2546,2466
2547,1597
2548,4464
2550,3804
2551,2809
2552,539
2553,5114
2555,1068
2556,6205
2557,5207
2559,5366
2560,2021
2561,2649
2562,3231
2563,2020
2567,4298
2569,5037
2570,5809
2571,2905
2572,1276
2573,3797
2574,1961
2575,4021
2576,3562
2577,6386
2578,1789
2579,4464
2582,525
2583,3242
2584,2031
2585,2874
2586,5469
2587,1210
2588,4918
2589,5456
2590,4728
2592,6221
2595,4796
2596,3259
2598,6148
2599,2388
2600,3544
2602,3771
2603,5366
2604,5674
2607,2808
2608,232
2609,2516
2612,6120
2613,2740
2614,1235
2615,3164
2616,5479
2617,799
2618,5154
2620,3348
2621,4245
2622,2682
2626,2052
2627,2123
2628,3800
2629,1478
2631,3477
2632,3073
2633,2727
2634,396
2637,1584
2638,3288
2639,4575
2640,5199
2641,19
2642,4128
2644,4274
2645,3808
2646,1255
2647,3214
2648,4333
2650,4493
2652,32
2654,2021
2655,2699
2657,4063
2659,1210
2661,945
2663,4282
2665,2140
2667,4952
2669,335
2672,2613
2674,4196
2676,5873
2677,3996
2678,5207
2679,1361
2680,2650
2682,3906
2684,1928
2686,2293
2687,2052
2688,726
2689,6208
2690,689
2695,5873
2696,4075
2697,4462
2698,648
2699,1787
2700,5192
2701,6032
2702,1580
2703,4561
2704,3146
2705,3360
2706,2977
2709,672
2710,3293
2712,2233
2713,4858
2715,4254
2717,2857
2718,4294
2719,4150
2720,4895
2722,4870
2723,508
2725,4891
2726,2185
2729,5020
2731,4807
2733,855
2734,3318
2735,4484
2737,1281
2742,4825
2743,1613
2744,27
2745,5483
2747,5248
2748,5879
2749,2279
2750,425
2751,2343
2754,3336
2755,5220
2757,1271
2758,5873
2761,2870
2762,2780
2763,5096
2764,6267
2765,5853
2766,4738
2767,4102
2768,4574
2769,3036
2771,897
2772,5909
2773,212
2775,2021
2776,1079
2777,3370
2778,6367
2779,4074
2780,4035
2781,4291
2782,887
2783,3928
2784,271
2785,780
2786,5873
2787,1389
2788,2535
2789,5004
2791,5554
2792,726
2793,3992
2794,643
2795,5528
2796,4269
2798,4836
2805,2042
2806,1252
2809,1702
2810,798
2811,1815
2813,4185
2814,2740
2815,2797
2817,4831
2818,2085
2820,5702
2821,4915
2822,3781
2823,412
2824,4366
2827,2417
2829,3537
2830,290
2831,4251
2833,192
2834,3502
2835,1109
2836,5099
2837,1442
2841,5513
2842,2733
2843,791
2845,582
2846,3142
2848,4875
2849,6163
2851,976
2852,729
2854,138
2855,2743
2857,1210
2859,4937
2860,2175
2861,4779
2862,3612
2863,3074
2865,2064
2867,5165
2868,6209
2869,2339
2870,404
2872,3753
2874,1145
2875,1210
2879,1826
2880,786
2882,1319
2883,2229
2885,4881
2886,3502
2888,5089
2889,3149
2890,1
2891,3715
2892,3320
2893,2879
2894,4058
2896,3769
2897,5811
2898,4216
2899,5581
2902,929
2903,3421
2904,4464
2906,817
2907,503
2908,4615
2910,4344
2911,5892
2913,324
2914,3992
2915,4376
2916,5671
2918,6239
2919,152
2920,6088
2922,5824
2924,57
2925,390
2926,2075
2927,2014
2928,738
2933,417
2934,4900
2935,5354
2936,3786
2937,6032
2940,6118
2941,3686
2944,683
2947,697
2948,1445
2949,3259
2950,4065
2951,2504
2952,605
2953,4255
2954,950
2955,65
2956,2279
2957,3465
2960,836
2961,179
2962,5399
2963,6101
2964,453
2965,5455
2966,2928
2967,1932
2969,2801
2970,5688
2972,5499
2973,1943
2974,2841
2975,3670
2976,2699
2977,4393
2980,4528
2985,5004
2987,3911
2988,3189
2989,1421
2991,6088
2992,4733
2993,1020
2995,1220
2996,2815
2998,3174
2999,4464
3001,4582
3002,5469
3003,801
3004,5579
3005,14
3006,3211
3007,1706
3011,5952
3012,3713
3013,5216
3015,882
3016,1663
3018,3582
3020,4611
3021,3633
3022,323
3023,643
3024,4553
3025,5128
3026,1590
3027,1324
3028,3801
3029,548
3030,5004
3032,5111
3033,5970
3034,3190
3036,2218
3037,6109
3039,5952
3040,1876
3041,532
3042,370
3044,6140
3045,2642
3046,6087
3047,260
3048,2671
3049,1857
3053,5075
3054,2666
3055,4738
3056,4794
3057,3551
3059,3000
3060,5218
3061,1452
3062,687
3064,6374
3065,5431
3068,1957
3069,3538
3070,1789
3071,561
3073,5966
3074,120
3076,1505
3077,1004
3078,2488
3079,2754
3081,6159
3082,1204
3083,1971
3085,2286
3086,3713
3087,4208
3088,3889
3089,1467
3091,4202
3092,1982
3093,12
3095,4340
3096,3914
3098,5599
3099,4709
3100,3712
3102,3123
3103,2495
3104,55
3107,2277
3108,3357
3110,4245
3113,1902
3114,6239
3116,5873
3117,5829
3118,583
3119,4555
3121,5565
3122,161
3124,1844
3125,5837
3126,246
3127,3700
3128,658
3129,3876
3130,4652
3132,4130
3133,5267
3134,5851
3135,4671
3136,4731
3137,748
3138,1972
3139,1425
3140,512
3141,3375
3143,4725
3144,4891
3145,874
3147,4716
3148,2277
3149,132
3150,4883
3151,5438
3152,4952
3153,4952
3154,4544
3155,4697
3157,713
3161,2648
3162,5213
3165,1210
3166,2112
3167,3954
3168,4874
3169,5174
3170,4934
3171,4292
3173,3058
3174,4911
3176,2773
3177,3189
3178,2802
3179,4896
3181,1527
3183,5457
3185,2277
3186,2021
3187,3744
3188,2755
3189,86
3192,4092
3193,3271
3194,2754
3195,1611
3199,1532
3200,3511
3203,3700
3204,1221
3206,4876
3208,3093
3209,4699
3210,1939
3211,3322
3213,1169
3215,2871
3216,1467
3217,5387
3219,5602
3220,4886
3222,4952
3223,4952
3225,4685
3226,2058
3227,879
3228,5014
3229,3462
3232,2819
3234,1403
3235,2057
3236,641
3237,5699
3238,178
3239,4087
3240,224
3241,342
3243,5998
3244,4302
3245,5025
3246,3128
3248,5469
3250,1265
3251,3880
3252,7
3253,5733
3256,537
3257,1407
3260,1399
3261,5671
3262,1831
3263,5199
3266,4608
3269,5004
3270,1599
3271,2809
3272,1452
3273,2062
3274,4211
3276,5259
3278,5298
3279,6338
3282,1789
3283,4901
3285,2277
3287,4627
3288,485
3289,1445
3291,5887
3294,1897
3296,5295
3298,6072
3299,595
3300,636
3302,722
3303,404
3304,268
3305,3050
3306,1145
3307,5347
3308,5399
3310,3080
3311,902
3312,551
3313,1217
3314,5023
3317,1653
3318,2130
3319,3361
3320,3562
3321,4488
3322,1254
3323,183
3324,3927
3325,4432
3326,3399
3328,4880
3330,1034
3332,5006
3333,4899
3334,2614
3335,1210
3336,2317
3337,5020
3339,4997
3340,3464
3343,2277
3347,1612
3348,5322
3349,1695
3350,88
3351,6365
3352,2371
3353,4363
3354,3776
3355,4203
3356,2301
3358,2427
3359,1271
3360,4160
3361,2046
3362,2104
3363,1502
3365,1707
3366,5960
3367,5138
3369,5716
3370,767
3371,2030
3372,231
3373,5342
3374,5892
3375,1207
3377,6102
3378,3226
3379,6167
3380,1584
3381,1321
3382,3174
3384,815
3385,3032
3386,1214
3387,4214
3388,4436
3389,276
3390,1263
3391,3271
3392,1210
3393,4489
3394,3639
3395,764
3396,415
3400,5870
3402,4464
3403,2277
3404,1647
3406,5084
3408,4102
3409,1110
3411,5779
3412,6163
3414,705
3415,4952
3417,5887
3418,1815
3419,3885
3420,4513
3421,1002
3422,1034
3424,3720
3425,2784
3426,1211
3427,4434
3430,6318
3431,2026
3432,1101
3433,4633
3434,4499
3436,1376
3438,5277
3439,3259
3441,5175
3443,2373
3444,1210
3445,1530
3446,1789
3447,4317
3448,5795
3449,5047
3451,5606
3452,4646
3454,5521
3455,979
3456,4873
3457,3660
3458,5180
3459,2150
3460,3510
3461,3520
3462,5870
3463,1379
3464,404
3466,1614
3467,3519
3468,1276
3469,4495
3470,4704
3471,4808
3472,2954
3473,4095
3475,1412
3477,5643
3478,4233
3479,2996
3480,5497
3483,4740
3485,1210
3488,5185
3489,1560
3490,5276
3491,4339
3492,5674
3493,4599
3494,1993
3496,4319
3497,273
3498,6108
3500,3978
3501,4932
3503,5445
3505,5635
3506,3898
3507,4931
3508,3055
3509,91
3511,5892
3512,1187
3513,314
3515,5337
3517,5728
3519,5008
3522,5366
3523,4995
3524,3987
3526,4865
3527,2971
3529,2779
3530,1417
3531,916
3532,446
3533,1938
3534,1210
3536,200
3537,2414
3539,2277
3540,3424
3541,2021
3542,1458
3543,329
3544,3878
3545,3992
3546,2237
3547,4855
3548,2021
3550,3542
3551,1564
3552,5244
3553,1357
3554,5085
3555,1210
3556,3997
3557,4039
3558,1632
3559,1414
3560,4563
3561,5393
3562,3341
3563,1210
3564,2035
3565,894
3566,5802
3567,5174
3568,3522
3569,3685
3570,212
3571,5004
3572,1062
3573,4849
3574,4216
3575,532
3576,989
3577,2166
3578,4838
3579,5217
3580,5060
3581,4350
3582,1784
3584,3997
3585,3075
3586,121
3587,735
3588,3975
3591,4952
3592,4201
3593,2302
3596,4646
3597,4017
3598,717
3600,647
3601,6351
3602,1874
3603,768
3605,3143
3606,4697
3608,6210
3609,2277
3610,3617
3611,3752
3612,5484
3613,3921
3614,347
3615,6096
3616,3699
3618,3744
3619,3550
3620,3963
3623,5873
3624,4556
3625,3867
3627,4120
3629,3193
3630,4610
3631,4501
3632,4810
3633,3197
3634,5314
3636,4775
3638,4672
3639,727
3640,4446
3643,3263
3644,862
3645,4524
3647,455
3648,3240
3649,741
3651,389
3653,1077
3654,1575
3655,6
3657,3992
3658,2014
3659,731
3660,3630
3661,2746
3663,179
3664,3143
3666,4083
3667,2279
3669,2032
3670,3220
3672,3175
3673,931
3674,5988
3675,559
3676,898
3679,6021
3680,925
3683,5216
3684,5654
3687,2687
3689,5632
3690,5747
3691,5658
3693,3992
3695,5045
3696,4189
3698,2390
3700,1195
3701,2878
3705,150
3706,1071
3707,4937
3709,2819
3711,1166
3712,5576
3713,391
3716,3181
3717,3322
3718,2277
3719,1765
3721,5499
3722,3013
3723,2004
3724,5925
3725,4871
3726,5870
3727,4213
3728,2268
3729,3207
3730,4182
3736,1931
3738,5419
3740,3404
3741,766
3743,3026
3744,1789
3745,1943
3746,5109
3747,6384
3750,6165
3751,2011
3752,5766
3753,1783
3754,4845
3755,4531
3761,7
3763,4103
3764,6253
3765,5767
3766,2489
3767,3337
3768,4448
3771,4203
3773,5870
3774,4702
3775,2425
3776,2312
3777,2277
3778,3341
3779,3102
3780,3666
3781,4445
3782,5892
3783,1252
3784,299
3785,4055
3786,5446
3787,4503
3788,5039
3790,3735
3791,397
3792,5084
3794,1722
3795,3945
3796,602
3797,671
3798,2007
3799,2819
3800,6376
3802,341
3803,614
3804,1459
3805,3583
3806,3471
3807,3022
3809,5737
3810,4377
3811,5633
3812,3403
3813,2955
3814,4627
3816,4892
3817,4307
3818,6234
3820,2696
3821,2536
3822,6216
3823,5402
3824,3465
3825,4032
3827,148
3828,2141
3829,6372
3830,2440
3831,3853
3834,3149
3835,2277
3837,2659
3841,3984
3842,482
3843,823
3844,3900
3845,2754
3846,2277
3848,1475
3850,4587
3851,1166
3852,4278
3853,208
3854,2221
3855,112
3858,4775
3860,3241
3861,5446
3862,1027
3863,1967
3864,2305
3865,50
3866,6033
3869,3042
3872,1320
3873,2095
3874,2318
3875,6186
3876,5550
3877,1465
3878,5004
3879,6177
3880,5874
3881,5887
3885,3237
3887,1111
3888,5632
3889,228
3890,601
3891,4464
3892,4948
3894,5390
3895,2858
3896,4952
3897,4697
3898,5834
3899,5673
3902,726
3903,5633
3904,3441
3905,220
3907,4062
3909,5259
3910,735
3913,3542
3915,5751
3916,2039
3917,3291
3918,5259
3919,5956
3920,4758
3922,4547
3924,2286
3925,5062
3926,1104
3927,317
3928,3141
3931,6007
3932,2386
3933,3776
3934,3744
3935,2433
3938,5307
3939,5660
3940,5359
3941,4464
3942,6023
3943,5821
3944,5065
3945,4149
3947,1378
3949,754
3950,1533
3951,3938
3958,2041
3959,641
3960,5823
3961,5632
3962,3869
3963,4199
3964,792
3965,5350
3966,2911
3967,3641
3968,6141
3969,2418
3970,5697
3972,3535
3973,2021
3974,4134
3977,5669
3978,524
3980,2268
3981,452
3983,5679
3984,2125
3985,132
3988,696
3989,2
3990,5008
3991,4945
3993,991
3994,5024
3996,4462
3998,5747
3999,4044
4000,5107
4001,6189
4003,1020
4004,2647
4005,4464
4008,3330
4009,5196
4011,2754
4012,4398
4014,331
4015,4694
4016,3688
4018,5519
4019,6209
4020,4652
4021,3453
4022,3767
4023,3761
4026,5469
4027,2511
4028,5717
4029,2618
4030,1553
4031,4522
4032,4997
4033,2037
4034,643
4035,2120
4036,1941
4038,5609
4040,212
4042,700
4045,1459
4046,5895
4047,3768
4048,5219
4049,4950
4052,5264
4053,3413
4054,5641
4055,5500
4056,6072
4057,1643
4058,4182
4059,5360
4062,4081
4064,1740
4065,2255
4066,2266
4068,3357
4069,2970
4070,179
4073,5014
4075,2277
4077,916
4081,4891
4082,1587
4083,4902
4084,4824
4086,1602
4089,5394
4091,2792
4092,355
4095,2987
4096,1563
4097,496
4098,984
4099,1738
4100,1505
4101,5079
4103,5156
4105,1419
4106,378
4107,2125
4108,5408
4109,3345
4111,721
4114,554
4120,3173
4121,5702
4122,4100
4123,517
4125,2735
4126,6310
4127,5199
4128,4147
4129,5416
4130,5820
4131,6129
4132,3729
4133,6064
4135,4759
4137,5405
4138,177
4139,3898
4141,5635
4142,5216
4144,6067
4145,2577
4146,3860
4147,3992
4148,5386
4149,1252
4150,5523
4152,5701
4154,2277
4155,2703
4156,391
4157,4503
4158,4178
4159,3484
4160,1587
4161,2375
4162,4393
4163,5272
4164,28
4165,4952
4166,5987
4167,3972
4168,6004
4170,2404
4171,4608
4172,4718
4173,357
4174,2277
4175,5126
4176,5812
4177,6036
4178,2540
4179,3191
4180,226
4181,2243
4185,3698
4186,4980
4187,3961
4188,2094
4190,3217
4191,3004
4192,6222
4193,5976
4194,5259
4196,754
4199,1550
4201,5633
4202,5004
4205,747
4207,6103
4208,3168
4209,4693
4211,1330
4212,4662
4217,3929
4219,1532
4221,117
4223,1979
4225,5381
4226,1522
4229,1819
4230,2927
4231,3185
4232,2004
4233,1057
4234,903
4235,3906
4238,5651
4239,4000
4243,1252
4244,2277
4245,4031
4248,5243
4250,1252
4251,2811
4255,2315
4256,4997
4257,3375
4259,160
4260,3189
4263,2641
4264,1789
4265,71
4267,2935
4271,1558
4272,4453
4273,5526
4274,702
4275,4983
4276,5702
4277,4098
4278,1505
4279,5424
4280,4952
4282,4464
4283,5708
4284,6020
4285,6226
4286,1771
4288,4725
4289,156
4290,5099
4291,3991
4293,2682
4296,3007
4297,2532
4298,280
4299,6006
4300,6200
4301,3992
4304,4205
4306,372
4307,2363
4309,3707
4310,1227
4312,4203
4315,4342
4316,5895
4317,1140
4319,3562
4323,3674
4324,4323
4325,1121
4326,6176
4327,3944
4330,569
4331,4574
4332,871
4333,303
4334,6175
4335,1874
4336,3778
4337,343
4338,4210
4339,5420
4340,137
4341,2487
4342,752
4343,4215
4344,4222
4345,4020
4346,6247
4347,4724
4348,3200
4349,666
4350,5469
4354,5402
4355,669
4356,5004
4357,2021
4359,1657
4360,6353
4362,1864
4363,4083
4365,4677
4366,6057
4367,2239
4368,261
4369,4246
4371,6141
4372,6241
4373,3190
4374,4462
4375,5342
4376,1589
4377,2277
4378,2789
4379,1989
4381,3329
4382,5930
4384,4869
4385,3575
4386,5433
4387,1248
4388,2694
4391,2072
4392,1210
4395,2720
4397,3569
4398,2277
4399,14
4401,1210
4402,1808
4403,4753
4405,2263
4407,3265
4408,4035
4410,3156
4411,354
4413,2261
4414,4829
4416,2991
4417,5579
4418,2790
4419,3936
4420,367
4421,1210
4422,92
4424,5200
4425,4078
4427,5254
4428,4593
4429,875
4430,1210
4431,4252
4432,5957
4433,391
4434,649
4437,4085
4438,767
4440,1271
4441,3871
4442,4360
4443,4708
4445,3316
4446,980
4447,3469
4450,1200
4451,26
4452,4943
4453,1002
4456,5082
4457,2987
4458,6111
4460,424
4462,3315
4463,5967
4465,4954
4467,2888
4468,4564
4471,4177
4476,7
4477,4207
4479,4010
4480,1332
4482,4206
4483,3644
4484,5688
4487,5930
4490,2004
4491,1713
4494,872
4495,1236
4496,4642
4498,3131
4499,2489
4501,4724
4504,2135
4505,1795
4506,3371
4507,3043
4508,1774
4509,2213
4512,2771
4513,1770
4515,3930
4517,6149
4518,2039
4519,1080
4520,2097
4521,1767
4523,2735
4525,2574
4526,4831
4527,1210
4528,1999
4529,3490
4532,5369
4534,1587
4535,14
4536,1252
4537,365
4540,6077
4541,4912
4542,3533
4543,2041
4544,1301
4545,3761
4546,5609
4547,5446
4548,1519
4552,370
4555,3582
4556,3117
4558,2153
4559,3328
4560,4999
4563,5391
4564,5044
4565,1210
4566,4952
4567,4431
4568,5892
4569,2815
4573,4005
4575,2934
4577,4114
4578,398
4582,1148
4584,6148
4586,5414
4587,5804
4588,5358
4589,3918
4590,950
4591,3375
4592,4618
4593,261
4594,179
4595,268
4597,4580
4598,3331
4599,1654
4600,3408
4601,1789
4602,3611
4603,5004
4604,3719
4606,2958
4607,4418
4608,3562
4609,5356
4612,5772
4614,268
4615,4954
4619,5047
4620,4651
4621,3747
4622,2681
4624,950
4625,3625
4626,5972
4627,6028
4628,3013
4629,1920
4630,2089
4631,4517
4633,5143
4634,2332
4636,3098
4637,4540
4638,992
4639,4912
4640,1923
4641,191
4642,3485
4643,4375
4645,4067
4646,2076
4648,2277
4650,5892
4651,1210
4652,450
4653,3292
4654,4936
4656,3150
4657,3303
4658,3992
4659,5332
4660,1210
4662,3358
4665,4185
4667,5365
4668,3779
4672,4900
4674,4563
4676,31
4677,3902
4680,3803
4681,4475
4683,2674
4684,6184
4685,3212
4686,5496
4687,1088
4688,5795
4690,5046
4691,4981
4692,677
4693,5877
4694,885
4695,212
4696,1660
4698,237
4699,4990
4700,3864
4701,5021
4702,4224
4703,4271
4704,0
4705,5571
4707,4060
4708,5762
4709,1642
4710,1355
4711,1679
4713,5162
4715,2835
4716,2254
4717,5348
4718,6262
4719,1054
4720,3376
4721,5469
4722,3113
4723,2465
4724,4467
4725,15
4726,6313
4727,370
4728,4476
4729,1406
4730,5826
4731,708
4732,4570
4733,2277
4735,2277
4737,5436
4738,5633
4740,1185
4741,1210
4742,3116
4743,3669
4745,2027
4748,564
4750,1160
4751,2021
4754,3686
4755,263
4756,5948
4757,3744
4758,4083
4759,875
4760,1822
4761,1007
4764,5004
4765,3346
4766,1758
4767,5633
4768,5026
4769,2401
4770,2071
4771,2678
4774,5772
4776,429
4777,5633
4778,596
4780,4164
4784,2499
4786,5224
4788,5725
4792,2856
4793,568
4794,2873
4795,1884
4796,1242
4799,1679
4800,779
4801,6197
4803,1900
4804,3391
4805,2985
4808,680
4810,2021
4811,6239
4813,4374
4817,5094
4819,5795
4820,6162
4821,1686
4822,4698
4825,769
4828,5004
4829,2277
4830,4236
4831,5469
4834,5398
4835,421
4836,3303
4837,1032
4838,2848
4839,936
4840,1248
4841,4323
4843,1482
4844,4079
4845,915
4846,1259
4848,1880
4849,4341
4850,235
4851,4503
4853,3421
4854,2365
4855,4399
4856,3274
4857,4242
4858,4952
4859,5673
4860,4861
4862,5004
4863,6051
4864,5892
4866,5752
4868,2687
4869,4891
4870,3850
4871,4038
4872,964
4873,827
4874,5004
4875,5095
4877,1013
4878,66
4879,5428
4880,6129
4883,3814
4884,4245
4886,1378
4887,738
4888,1132
4894,3799
4896,6024
4897,2097
4898,5275
4899,1427
4900,1210
4901,4136
4902,5534
4903,5004
4905,3681
4906,3635
4907,379
4908,4892
4909,4291
4910,6260
4911,4813
4912,1623
4913,1348
4915,1672
4916,389
4917,1944
4918,6072
4919,4405
4920,812
4921,5908
4922,2202
4923,5004
4924,932
4926,3290
4927,1749
4928,6044
4929,1210
4930,4432
4931,4323
4932,2095
4933,3041
4934,2277
4937,1135
4938,6286
4939,5062
4940,3502
4941,6001
4943,4568
4944,4875
4945,479
4949,5612
4950,645
4951,449
4952,874
4953,1353
4955,3913
4956,5004
4957,3115
4958,119
4959,4010
4960,5219
4961,4875
4963,706
4964,3305
4965,2168
4967,2754
4970,5691
4971,2277
4972,1252
4974,3613
4975,1210
4976,3589
4979,841
4982,6020
4983,2487
4984,5777
4985,269
4987,5285
4988,4614
4989,5632
4990,3707
4992,5915
4993,1111
4996,972
4998,2966
4999,2884
5001,5399
5002,86
5004,570
5005,5870
5006,2869
5007,2524
5008,5075
5009,4246
5010,5145
5011,5311
5012,2598
5013,2107
5015,3382
5016,1271
5017,2919
5018,2277
5019,4686
5020,168
5021,2104
5023,2846
5024,2764
5025,2490
5026,1789
5028,4494
5029,954
5030,1616
5031,3652
5032,755
5033,2017
5035,6243
5036,815
5038,498
5039,4499
5042,5301
5043,689
5045,2052
5046,5276
5047,3542
5048,6230
5049,2277
5050,5216
5051,4323
5053,1280
5054,2368
5056,1596
5057,4883
5058,2131
5059,4774
5060,2987
5064,6351
5065,44
5066,4039
5067,2790
5068,5208
5072,5614
5073,927
5076,2789
5077,6319
5079,2277
5080,1931
5082,4936
5083,4214
5084,212
5086,4375
5087,4942
5088,4204
5089,356
5090,244
5093,4449
5094,5464
5096,724
5097,2981
5098,5573
5099,3592
5100,3496
5101,2246
5102,4790
5103,3694
5105,3502
5106,3995
5107,159
5108,1760
5109,2442
5110,306
5111,2021
5112,4891
5113,521
5114,1812
5115,3634
5116,5189
5118,4707
5119,3117
5120,1534
5121,4089
5122,3916
5123,2016
5124,4464
5125,5228
5126,3244
5127,4133
5130,6297
5131,3997
5132,4054
5133,1210
5134,2356
5135,4257
5136,1334
5137,4327
5140,796
5141,382
5143,4718
5144,2639
5145,3410
5146,2412
5147,2277
5148,2661
5149,1446
5150,5718
5152,2766
5153,5047
5154,1847
5155,4337
5156,5004
5158,4997
5160,6216
5161,5073
5162,5323
5166,3221
5167,3064
5168,374
5169,2613
5170,4545
5171,682
5172,4457
5175,2043
5177,4045
5178,5084
5179,1162
5180,3617
5182,2277
5183,3598
5184,1258
5186,986
5187,1438
5190,5469
5191,2188
5192,3282
5193,2295
5194,398
5195,5330
5196,133
5198,1914
5199,4664
5200,268
5204,1911
5205,6028
5206,1034
5207,2567
5208,205
5209,730
5211,5015
5213,5589
5214,179
5215,5867
5216,3798
5217,872
5219,4241
5220,1984
5221,5798
5223,2266
5226,4952
5227,2068
5228,2487
5229,822
5230,6075
5231,412
5232,1276
5236,2174
5237,3465
5240,1211
5241,5257
5242,4948
5243,3174
5244,1408
5245,2235
5246,2795
5248,2875
5250,5216
5252,1622
5253,2279
5254,5892
5255,318
5256,4694
5257,1296
5258,4546
5259,1082
5262,2095
5265,4891
5266,4203
5267,533
5269,6334
5271,1222
5272,1323
5273,2295
5275,411
5276,4981
5277,3683
5278,5632
5280,2958
5283,3222
5284,2887
5285,4574
5286,4346
5291,4891
5293,2405
5295,1740
5297,4781
5298,3119
5299,2573
5300,2129
5301,4971
5302,3918
5303,2657
5304,3136
5305,1166
5307,4241
5308,862
5309,3964
5310,4300
5311,4440
5312,3744
5313,3195
5314,3131
5316,3004
5317,3351
5318,97
5319,1962
5320,798
5322,5307
5323,2759
5324,5033
5327,5755
5328,2537
5329,3686
5330,250
5331,1575
5332,3170
5334,1382
5335,4559
5338,4228
5340,4385
5341,2644
5345,4035
5346,5460
5347,6203
5348,632
5349,5003
5350,25
5352,1781
5354,6085
5355,234
5356,4263
5357,1252
5358,1368
5362,5370
5363,261
5366,3136
5368,3601
5370,1839
5371,3019
5372,278
5373,5887
5375,5442
5376,1646
5377,595
5378,1341
5379,2122
5380,1100
5381,2105
5382,5789
5383,4586
5384,2271
5387,3992
5388,5216
5393,577
5395,5408
5396,4929
5397,2178
5398,5601
5400,4030
5401,3744
5403,400
5404,3291
5406,2520
5408,1333
5409,1614
5411,3923
5412,510
5414,4084
5416,4935
5417,3919
5419,2987
5421,3628
5422,6012
5423,4110
5424,3406
5425,4791
5427,4627
5428,2726
5430,3603
5431,4280
5432,4952
5435,4555
5436,1635
5438,2277
5441,212
5442,2018
5443,1210
5444,4122
5446,5250
5448,4969
5450,1401
5451,5123
5452,4754
5453,6288
5454,2539
5455,2743
5457,2975
5459,5695
5460,1065
5461,2591
5462,2324
5464,202
5465,3434
5467,6111
5468,4385
5469,395
5470,3875
5472,9
5473,4687
5476,1082
5477,1276
5478,2069
5479,6096
5481,5326
5483,41
5485,5272
5486,6336
5490,3661
5491,1700
5492,2097
5493,3971
5494,5466
5495,1285
5496,6014
5497,6004
5499,3011
5500,4589
5503,4291
5505,1276
5506,4446
5507,1460
5508,4464
5509,1969
5510,2192
5511,1695
5512,3873
5515,1234
5517,4976
5518,4853
5519,4278
5521,5384
5522,5383
5523,3700
5524,3780
5525,2306
5526,3379
5527,947
5530,3669
5532,2359
5533,3108
5534,3487
5535,4718
5537,5116
5538,1439
5539,5004
5540,5366
5542,4068
5544,2543
5545,4799
5546,4323
5547,4880
5548,2533
5549,3438
5550,6148
5551,4220
5552,977
5553,2070
5558,643
5559,1062
5560,6085
5561,2609
5562,6010
5563,2277
5564,2765
5565,528
5567,839
5568,3276
5569,4020
5570,5762
5571,4563
5572,6146
5575,4952
5576,633
5577,3375
5578,5004
5580,5084
5581,4182
5582,2283
5583,4157
5584,1396
5585,250
5586,4750
5587,578
5588,4235
5590,3654
5591,4815
5592,851
5595,2855
5596,6058
5598,2844
5600,4942
5601,117
5602,4306
5603,5366
5604,1068
5605,1896
5606,1305
5607,436
5608,1364
5609,4182
5610,5474
5611,4962
5612,2571
5613,5870
5614,4948
5615,1681
5618,4246
5620,3832
5621,1857
5622,3097
5624,3756
5625,1144
5627,2292
5629,2209
5630,1801
5631,3696
5632,2453
5633,4246
5634,3841
5635,5764
5636,2749
5637,3992
5638,3259
5639,3048
5640,5392
5643,5457
5645,1737
5646,4543
5647,4223
5650,2277
5651,715
5653,4858
5654,3194
5655,3871
5656,3045
5657,4718
5658,4952
5659,2814
5660,2458
5661,175
5662,2709
5663,1882
5664,3062
5666,1190
5667,4638
5668,1875
5670,2277
5672,4497
5674,403
5675,3710
5676,3720
5678,4274
5680,3674
5682,1734
5683,3478
5684,950
5685,4217
5686,5243
5687,2448
5688,4969
5689,4809
5691,1653
5692,4023
5693,2277
5694,698
5695,4546
5696,4492
5697,5706
5699,1997
5701,4698
5702,3625
5704,2487
5706,1470
5707,5394
5708,4565
5709,4847
5710,593
5712,4152
5713,2694
5714,2095
5715,2123
5716,380
5717,6340
5719,2257
5720,2021
5721,4718
5723,342
5724,1084
5725,1539
5727,5846
5728,5331
5730,5887
5731,2428
5733,3577
5734,2998
5735,320
5737,3245
5738,6232
5739,5366
5740,2712
5741,3992
5743,4831
5744,1719
5746,2277
5747,2427
5750,4926
5751,5111
5752,2895
5753,571
5754,5788
5755,5750
5756,672
5757,5819
5758,3973
5760,4016
5762,4501
5763,5388
5764,994
5765,3607
5766,5004
5769,326
5771,3861
5772,5632
5774,1528
5775,5999
5776,5536
5777,2866
5778,2578
5779,2198
5780,3744
5782,5469
5783,1278
5784,85
5785,4133
5786,4796
5787,6360
5788,4035
5792,4952
5794,5966
5795,5191
5796,4988
5801,3919
5802,661
5803,3974
5804,2456
5805,4710
5806,1546
5807,873
5808,1691
5810,726
5811,2023
5813,2445
5814,3137
5815,3062
5816,2613
5818,629
5819,1450
5820,4629
5821,3159
5822,1994
5823,1010
5824,5800
5825,3453
5828,4185
5831,72
5832,3377
5835,2021
5836,1046
5837,4223
5838,3061
5840,2771
5842,5797
5843,5980
5844,3847
5845,1048
5846,2450
5847,251
5849,6356
5850,2478
5852,204
5853,1106
5854,5116
5857,2952
5858,2277
5859,550
5860,1477
5861,6291
5862,2483
5863,5632
5864,2314
5866,4053
5867,2021
5870,4455
5872,3143
5875,5115
5876,960
5877,3592
5878,6233
5880,5612
5881,150
5882,5873
5883,5297
5884,897
5885,2225
5887,2095
5890,4698
5891,328
5893,3984
5894,4012
5895,5936
5897,2650
5898,5520
5899,887
5902,2606
5903,3389
5904,3570
5906,1752
5907,4646
5910,4993
5911,2986
5912,2274
5913,2130
5915,2873
5917,5289
5920,5366
5921,3344
5923,4413
5924,5992
5925,2961
5926,204
5927,6239
5928,5020
5930,2044
5933,212
5934,1574
5935,5574
5936,2106
5938,130
5939,2418
5941,2629
5942,543
5943,725
5944,2112
5945,1136
5946,3428
5947,4375
5948,624
5949,4891
5951,4049
5953,4738
5954,2629
5956,1867
5957,5593
5958,4468
5959,2614
5960,2564
5961,1166
5962,2544
5963,2340
5964,4232
5965,2767
5966,3636
5967,1061
5968,4920
5970,4041
5971,6379
5972,4288
5974,2800
5975,4665
5977,5760
5979,6220
5980,2144
5982,1851
5985,899
5986,3418
5987,3014
5989,4942
5990,1020
5991,2520
5993,4035
5994,1387
5995,3893
5997,1789
5999,1118
6000,3180
6001,2987
6002,5037
6004,3713
6005,2287
6007,2021
6008,3558
6010,1789
6011,1228
6012,2021
6013,1029
6014,950
6016,2277
6017,5793
6018,4863
6021,5237
6022,4480
6023,4829
6024,2931
6025,826
6029,884
6030,612
6032,4256
6034,1264
6035,1502
6036,2584
6037,2298
6039,824
6040,3884
6043,1805
6044,3829
6045,447
6046,623
6047,1318
6049,3895
6050,314
6051,3042
6053,3916
6054,2975
6055,167
6056,1785
6057,5924
6058,2677
6059,5757
6060,3502
6062,2487
6063,1226
6064,1018
6065,6230
6067,3897
6068,5562
6069,3225
6070,1826
6071,5702
6072,2021
6073,1122
6076,5272
6077,231
6080,4291
6081,3001
6082,5876
6083,5379
6084,1733
6085,1979
6086,4834
6089,5004
6091,3893
6092,3109
6093,4800
6094,160
6095,3776
6097,6139
6098,2686
6101,5032
6102,3428
6103,3396
6104,2729
6106,5569
6107,428
6108,5446
6110,3174
6112,2642
6113,2413
6114,3290
6116,2385
6117,4799
6118,6337
6119,4706
6121,3593
6122,3044
6123,447
6125,3188
6126,5349
6127,1206
6129,2700
6130,6006
6131,2418
6132,960
6133,2648
6134,5829
6135,1409
6138,2855
6140,4778
6141,1529
6142,4165
6145,3304
6146,5823
6147,455
6149,3744
6150,2095
6151,3034
6153,5619
6154,5651
6155,1952
6156,57
6157,5366
6160,5067
6162,475
6163,2704
6164,2767
6165,1210
6166,3664
6167,5920
6168,978
6172,4185
6173,4697
6174,2242
6175,6243
6176,1487
6177,464
6184,1210
6185,1468
6186,1677
6187,1315
6188,3276
6189,767
6192,6020
6194,984
6195,2507
6196,3891
6197,3167
6198,5892
6200,3382
6201,953
6203,3018
6208,449
6209,4503
6210,5307
6212,3375
6214,2277
6216,1077
6217,1229
6219,3581
6222,4703
6223,798
6226,2277
6227,660
6228,4872
6229,3745
6231,2872
6232,3744
6233,6087
6234,3484
6236,2961
6238,0
6239,915
6240,4660
6241,135
6242,5297
6243,2123
6245,2277
6248,5047
6251,2277
6252,4477
6253,2001
6255,5765
6256,6209
6257,3972
6258,5406
6259,5053
6260,67
6263,5292
6264,3458
6265,6155
6266,2262
6268,5209
6269,4305
6270,2069
6271,3598
6272,681
6273,375
6274,420
6275,2572
6276,6386
6278,1376
6281,1782
6283,4858
6287,2971
6290,1210
6291,1399
6293,1038
6294,2227
6295,6383
6296,1575
6297,1609
6298,3517
6299,5651
6302,3188
6304,5401
6305,3153
6308,6187
6309,6183
6310,2095
6311,260
6313,48
6315,3470
6316,3676
6320,3196
6321,5962
6322,568
6323,3126
6325,4461
6326,5318
6327,2925
6328,3302
6330,1284
6331,5810
6333,4010
6334,5700
6336,2873
6337,3273
6338,2115
6339,4656
6341,2968
6342,402
6343,3513
6344,3898
6345,5116
6347,3120
6348,891
6349,2021
6350,1209
6351,4250
6352,2160
6353,906
6354,3418
6355,697
6358,5418
6359,391
6361,5529
6362,3155
6363,1131
6364,694
6365,4384
6366,5998
6367,2323
6368,5815
6369,4485
6370,3531
6371,726
6372,6239
6373,3436
6375,4745
6376,1631
6381,511
6382,4059
6383,3835
6388,1243
6389,2652
6390,1874
6392,3659
6393,1679
6394,4246
6395,3783
6397,5079
6399,1841
6400,2445
6401,4951
6403,1594
6405,1137
6406,1502
6407,705
6408,4258
6411,3551
6412,3465
6414,2021
6415,2460
6416,2277
6418,1941
6419,3943
6420,4274
6422,5472
6423,3851
6424,687
6428,5689
6429,2882
6430,3036
6435,6081
6436,5239
6437,5455
6438,491
6442,4852
6443,5335
6444,480
6445,5650
6446,4891
6447,135
6448,5212
6450,1769
6451,2338
6452,2403
6456,4905
6457,6239
6458,2843
6459,34
6460,6209
6462,5680
6463,3273
6464,2000
6465,2977
6466,3668
6467,1408
6468,5084
6469,2790
6473,5194
6474,3477
6476,1421
6477,66
6478,5469
6479,2739
6480,105
6481,1210
6482,257
6483,3133
6484,5783
6485,366
6486,366
6488,4646
6489,4193
6490,160
6491,3350
6492,2924
6493,1210
6494,2028
6495,4502
6498,6051
6500,4223
6501,1537
6505,1123
6507,2356
6510,2277
6513,3951
6514,1210
6515,5094
6517,6313
6518,1402
6519,2373
6521,1478
6522,5365
6524,5952
6525,241
6527,1620
6529,4952
6530,4274
6531,2445
6533,5892
6535,4799
6536,1064
6539,120
6541,5020
6542,4740
6544,2531
6545,1572
6546,5683
6549,5880
6550,1831
6551,4912
6552,879
6553,5622
6554,1289
6555,4709
6558,3320
6559,2113
6560,1173
6561,4010
6563,4477
6566,478
6567,5993
6568,2027
6569,4437
6570,3992
6571,4198
6573,987
6574,5886
6576,3036
6578,562
6579,4384
6580,5873
6581,4011
6582,2150
6583,1588
6584,5346
6585,3965
6586,2628
6587,4227
6589,4182
6592,2394
6594,3609
6596,4671
6597,4243
6602,1430
6604,3124
6607,4831
6608,4213
6609,1529
6611,4143
6612,3802
6613,4649
6615,4331
6616,3920
6619,5903
6620,5770
6623,5014
6624,4600
6625,4310
6626,3112
6627,2560
6628,1836
6629,2277
6632,60
6636,42
6639,2277
6640,56
6641,5412
6643,4829
6644,2827
6645,3263
6646,609
6648,5008
6649,1564
6653,1622
6655,5674
6657,3485
6658,1218
6660,1534
6661,2385
6663,4709
6666,2862
6667,2683
6668,5498
6669,3086
6670,3618
6671,3529
6673,4066
6674,4021
6675,5056
6677,3899
6678,1349
6679,5321
6680,2657
6683,3422
6685,3617
6686,5663
6689,2166
6690,3148
6691,5880
6693,1256
6694,4191
6696,5489
6697,4885
6699,6233
6700,1266
6701,3970
6703,2782
6705,864
6706,4319
6707,683
6710,2194
6712,970
6715,3649
6716,4521
6717,2974
6718,904
6719,1489
6720,128
6721,5953
6723,1941
6724,1587
6726,3051
6727,5912
6729,6107
6730,1509
6731,6148
6735,5116
6736,3785
6737,5207
6738,4119
6739,234
6740,2021
6742,179
6743,2021
6744,3140
6745,5509
6746,4503
6747,2053
6748,5276
6749,4464
6750,2993
6751,2959
6752,4891
6753,2277
6754,2608
6755,826
6756,2544
6757,3912
6758,615
6762,3164
6763,3354
6764,2135
6765,2614
6767,5057
6769,4891
6770,4214
6771,1458
6774,1248
6776,3776
6777,2505
6778,3329
6779,4803
6780,187
6781,1532
6782,4952
6783,5243
6786,5094
6787,5709
6788,1210
6789,4692
6791,2820
6792,4789
6794,4616
6795,1646
6797,6167
6798,18
6799,3451
6800,6239
6801,1195
6802,179
6803,4948
6805,3637
6806,2415
6807,1934
6809,1259
6813,844
6814,4901
6815,5229
6816,5632
6817,4214
6820,6208
6822,1310
6825,3362
6826,1219
6827,1213
6828,4265
6830,2629
6831,2483
6832,602
6833,2749
6834,4196
6835,512
6836,3090
6837,1463
6838,3035
6839,4375
6841,6111
6842,5261
6843,5366
6844,3980
6845,5336
6846,2028
6847,2282
6848,5259
6849,467
6850,3906
6851,4646
6853,4286
6854,1801
6855,405
6856,3409
6857,5823
6859,2962
6860,4861
6863,3375
6864,351
6865,3544
6866,3992
6869,3598
6871,4301
6873,5366
6876,3281
6877,4715
6879,6242
6880,2277
6883,154
6886,2708
6887,6282
6888,324
6889,1990
6891,1394
6892,4973
6894,3140
6896,5715
6899,2060
6900,5777
6901,5047
6902,2286
6903,4550
6904,3927
6906,826
6907,4646
6908,1153
6910,3646
6911,4936
6914,179
6916,3060
6917,4073
6918,3776
6919,3788
6920,2429
6921,4135
6922,4890
6924,4144
6925,4928
6926,400
6927,4948
6928,5859
6929,5751
6933,4225
6934,6111
6935,3197
6936,4779
6938,2277
6939,5873
6940,728
6941,779
6942,4223
6947,4601
6948,3143
6949,3013
6950,5152
6951,4160
6952,653
6954,183
6955,117
6957,6006
6958,221
6959,1465
6960,4171
6961,4604
6962,5762
6964,5371
6966,6359
6967,266
6968,996
6969,592
6971,483
6974,1933
6976,3071
6977,2309
6978,4223
6979,5632
6980,916
6981,3992
6982,6342
6983,950
6987,4296
6988,566
6989,2095
6990,3837
6991,6239
6992,4182
6993,3642
6995,1587
6996,2489
6997,4306
6998,5004
6999,5004
7000,5751
7003,5207
7004,2075
7006,919
7008,3181
7010,3181
7011,4465
7013,1032
7014,4343
7015,969
7016,2095
7017,3355
7019,6179
7023,4952
7024,2014
7025,6100
7026,4952
7027,5152
7028,2327
7029,2277
7031,4509
7032,1719
7033,2288
7034,3929
7036,4248
7037,1975
7038,2404
7039,3707
7042,3663
7043,5008
7044,6364
7045,283
7046,5783
7048,4942
7050,4831
7051,621
7052,5004
7054,5366
7055,34
7057,5004
7059,5741
7061,3398
7063,2095
7065,1378
7066,4555
7067,748
7068,4312
7069,5167
7070,3040
7073,2286
7074,832
7075,6193
7077,1791
7079,3542
7081,635
7082,5734
7083,4897
7085,2177
7086,1187
7088,2274
7089,5128
7090,375
7091,563
7092,4289
7093,3967
7094,2286
7097,3428
7100,5469
7101,1210
7102,2408
7103,2573
7104,1502
7107,1556
7108,2089
7109,2663
7110,5450
7111,3852
7112,2076
7113,5448
7116,2545
7121,2950
7122,4246
7124,5172
7126,1465
7127,2287
7128,6146
7130,2772
7131,5702
7132,4879
7136,6111
7137,455
7139,5632
7140,358
7141,5701
7142,5126
7145,3406
7146,640
7147,5455
7151,567
7152,4553
7153,4891
7154,1925
7155,2385
7156,3599
7157,5230
7160,5873
7163,4307
7164,4175
7165,879
7166,4107
7168,1075
7171,1128
7172,3510
7173,5524
7175,3375
7176,2790
7177,2013
7178,5049
7181,5609
7183,4607
7184,2159
7185,1280
7187,2674
7188,2544
7190,2996
7191,5488
7192,5217
7193,3290
7195,4319
7196,2522
7198,1210
7199,1001
7201,5863
7202,1390
7203,720
7206,1605
7207,3973
7208,1175
7209,2755
7210,1474
7213,3776
7214,804
7215,2078
7217,3114
7220,5860
7221,4161
7222,921
7223,4572
7225,4503
7226,4157
7228,3619
7229,4275
7230,3744
7231,4631
7232,767
7233,3813
7234,1621
7235,5837
7236,6239
7239,2300
7241,3992
7242,5171
7243,2848
7247,5940
7248,5189
7250,2873
7251,4628
7253,643
7254,3063
7257,6141
7259,2277
7260,5751
7261,2769
7262,4144
7263,4952
7264,2219
7265,3293
7266,6339
7267,88
7269,2277
7271,3196
7272,3429
7273,4718
7276,2846
7277,1615
7278,1906
7280,3109
7282,4274
7284,5342
7285,1465
7286,1695
7287,3493
7289,5469
7290,4145
7291,2124
7292,3397
7293,3116
7294,5305
7295,1180
7296,4202
7297,5451
7298,901
7299,5573
7300,735
7302,4952
7303,3992
7304,4730
7305,3744
7306,4563
7307,4288
7308,4852
7309,4321
7310,3803
7312,143
7313,5149
7314,6277
7315,3221
7316,2487
7318,3465
7319,2280
7323,5020
7325,2388
7326,4883
7328,2801
7330,1153
7333,1488
7336,3465
7337,4282
7338,2091
7339,4767
7340,3160
7341,607
7344,1135
7347,5558
7353,2670
7354,2450
7356,5308
7357,3428
7358,3041
7359,3752
7363,4499
7364,3313
7366,2973
7368,6288
7370,737
7373,5182
7376,2394
7377,2132
7378,1262
7379,4464
7380,816
7381,4145
7382,4948
7383,3645
7384,4821
7385,6332
7386,4809
7387,3255
7388,199
7390,2662
7392,5086
7393,4242
7394,2082
7395,844
7396,1931
7397,3992
7399,4953
7401,1261
7402,965
7403,5174
7404,1571
7405,2798
7406,5497
7407,3361
7408,2739
7409,991
7410,370
7412,5004
7413,707
7414,2554
7418,1407
7419,1859
7422,2277
7424,1364
7425,3631
7426,2936
7427,5349
7428,4731
7429,5491
7430,4952
7431,3680
7432,5282
7433,5732
7434,6281
7435,1948
7437,4014
7438,1475
7440,4709
7441,147
7442,1449
7443,2216
7447,6346
7448,339
7449,5561
7450,4494
7451,586
7452,3956
7455,2846
7457,2735
7458,6209
7461,5004
7463,93
7465,2341
7467,234
7469,1994
7470,689
7471,6278
7474,770
7475,4701
7476,1276
7477,1158
7478,3957
7479,2997
7481,6061
7482,2357
7483,4646
7484,4040
7485,2487
7487,1829
7491,5188
7492,2276
7493,3110
7494,2980
7495,3870
7496,4142
7497,2860
7499,469
7500,2517
7502,5900
7504,5633
7505,5147
7506,2908
7507,4293
7508,3089
7509,2252
7510,974
7512,4805
7513,2719
7514,5892
7515,2180
7516,4895
7519,1210
7520,5895
7521,1271
7522,703
7523,1407
7524,90
7527,4593
7529,2083
7530,3665
7531,3149
7532,1970
7534,2470
7535,3281
7536,5829
7537,1405
7539,5057
7540,4718
7541,5364
7542,4360
7543,703
7545,6076
7547,4826
7549,4415
7550,1590
7551,5004
7552,4574
7553,5935
7555,5892
7556,1529
7558,5153
7560,3234
7561,2441
7562,2675
7563,5004
7564,222
7565,602
7566,1683
7568,5004
7569,4555
7570,2671
7571,3600
7572,2168
7573,508
7575,936
7576,5415
7578,4829
7579,2752
7584,10
7586,4305
7587,4908
7588,230
7589,5704
7590,2467
7592,3455
7594,2329
7595,2095
7596,6342
7597,3733
7599,3466
7600,4335
7601,189
7602,6230
7604,5625
7605,4409
7606,2208
7607,547
7608,3365
7609,2987
7611,5796
7612,1154
7615,3273
7617,1796
7618,3007
7619,2142
7620,4646
7621,1767
7624,3273
7625,3164
7626,3337
7627,6384
7628,415
7629,3916
7632,2394
7633,4157
7634,3984
7635,6053
7637,3103
7638,3816
7640,5898
7641,2290
7642,3737
7644,5446
7646,3382
7647,3015
7649,4473
7650,4892
7652,5391
7654,4223
7655,4028
7658,2362
7659,3992
7661,5892
7662,1105
7663,5651
7664,3879
7665,1155
7666,210
7667,3561
7668,5084
7669,3395
7670,2356
7671,1015
7672,1874
7673,96
7675,6359
7676,5004
7677,1649
7679,535
7680,4597
7681,3617
7683,3431
7684,726
7685,2731
7686,2095
7688,54
7690,545
7691,5910
7692,1176
7693,5342
7694,513
7695,5719
7696,5175
7697,3203
7699,1761
7700,2891
7702,4697
7706,1910
7707,1822
7708,5151
7709,2987
7710,1210
7712,5112
7713,5756
7718,1154
7719,4936
7721,5319
7722,5469
7723,959
7725,955
7727,5522
7729,2976
7730,1446
7733,624
7734,4933
7735,2367
7738,2102
7739,1398
7740,1954
7742,484
7744,2723
7745,1019
7746,6282
7747,5539
7748,4161
7751,1102
7752,5400
7753,3158
7754,1682
7755,2779
7756,5287
7757,999
7758,4513
7759,6066
7761,5762
7762,5009
7763,1444
7764,111
7767,5047
7768,6038
7769,2877
7771,2277
7772,3992
7775,3744
7776,5873
7781,5615
7782,1912
7783,6239
7788,1472
7789,3968
7791,3725
7792,4464
7794,2544
7798,6239
7800,5004
7801,3836
7802,4281
7803,3151
7804,3992
7805,2021
7807,4010
7808,5730
7810,4579
7811,5366
7812,591
7813,1261
7815,4574
7816,5181
7817,68
7818,3425
7820,1529
7821,4105
7822,2434
7823,2622
7825,3742
7826,792
7827,4952
7828,2793
7830,2348
7831,2305
7832,2712
7834,1160
7836,2003
7837,2498
7840,4910
7841,7
7845,940
7846,4452
7847,3232
7852,3952
7853,1437
7854,3492
7856,1941
7858,1508
7859,5311
7861,3966
7863,4646
7864,4831
7865,4078
7867,2932
7869,74
7870,2277
7871,1243
7872,981
7873,4942
7874,2989
7875,2443
7876,249
7877,6251
7879,2382
7880,4503
7881,2838
7882,1916
7886,5047
7888,892
7889,1863
7890,3596
7892,2111
7893,5516
7894,4738
7895,5136
7896,3653
7897,4751
7900,8
7901,3992
7902,1291
7903,4157
7904,3744
7905,585
7907,5547
7909,2544
7911,4883
7913,2629
7914,756
7916,1359
7919,3969
7920,5201
7922,3776
7923,4979
7924,1505
7925,599
7927,3234
7928,6054
7929,212
7930,6322
7931,4126
7932,598
7933,2095
7936,1372
7937,5216
7938,381
7941,1294
7943,6351
7944,3601
7946,1820
7947,5589
7948,62
7950,260
7952,5609
7953,4223
7956,5287
7957,2778
7958,2222
7960,4636
7961,1112
7962,2277
7964,5307
7966,4912
7967,748
7968,80
7969,2277
7971,3792
7973,5295
7976,1210
7977,5661
7978,1126
7980,3101
7982,513
7983,5961
7984,365
7985,6116
7986,2279
7987,951
7988,2935
7990,2354
7991,5320
7992,1865
7993,4622
7994,1182
7995,632
7996,4822
7997,2730
7998,3890
7999,1298
8001,4555
8003,1847
8004,2955
8005,5004
8006,5927
8008,5359
8010,5860
8011,4334
8012,3776
8014,4183
8015,726
8017,3077
8020,5825
8021,273
8022,2418
8023,2873
8024,4891
8025,2361
8027,268
8028,2258
8030,1924
8032,5505
8034,4214
8038,4410
8039,2499
8040,1645
8042,3271
8043,1664
8045,3036
8046,5930
8048,4306
8049,2396
8050,2932
8051,5726
8052,2277
8053,5990
8055,5955
8056,5873
8057,1178
8058,2839
8060,883
8061,4246
8062,5705
8063,5923
8064,3051
8065,325
8066,2270
8068,1466
8072,5344
8073,6028
8074,1491
8075,3945
8076,18
8077,4901
8079,3979
8080,4986
8082,571
8083,456
8084,1016
8087,1828
8088,817
8089,2667
8090,1686
8091,5460
8093,2913
8094,2603
8096,1050
8097,3815
8098,2151
8099,2580
8100,6342
8101,2578
8104,3375
8107,2277
8108,4901
8109,840
8110,2294
8112,4164
8113,5883
8114,5948
8115,4741
8118,6017
8119,2432
8120,1727
8121,6121
8122,369
8123,1877
8124,5199
8126,1669
8128,472
8129,3992
8130,2211
8131,1323
8132,5008
8133,412
8134,1082
8137,1082
8138,2302
8139,179
8140,5285
8141,735
8142,5693
8143,5892
8144,6136
8145,881
8147,5259
8148,1931
8149,2753
8150,4003
8152,1411
8153,1403
8155,488
8156,6320
8158,2279
8160,2310
8161,4778
8164,5909
8165,1589
8166,828
8167,4765
8169,6255
8170,5741
8171,4697
8172,838
8173,294
8174,414
8177,1460
8178,908
8179,747
8180,310
8181,5126
8182,5311
8183,5839
8184,2894
8185,460
8186,2749
8190,2229
8192,3369
8193,4752
8194,4513
8198,3198
8199,5562
8200,2559
8201,4555
8203,6116
8204,2162
8205,3230
8207,4436
8209,4676
8211,3691
8212,3713
8213,5058
8215,3052
8220,4925
8221,5120
8222,2277
8223,4698
8224,4246
8225,6165
8226,2921
8227,2277
8228,1037
8229,2834
8230,4183
8231,2277
8232,4936
8234,2548
8235,2161
8236,5806
8238,6230
8239,643
8241,848
8242,2871
8243,3967
8244,5015
8245,6084
8246,3427
8247,3594
8248,2760
8249,1407
8250,892
8251,917
8252,4994
8253,4033
8254,4831
8255,5459
8256,3519
8259,1862
8260,5786
8263,5913
8265,86
8266,99
8267,6320
8269,5504
8271,2095
8272,3758
8273,5593
8274,5084
8275,4957
8276,2933
8278,6306
8279,3016
8280,5870
8282,735
8283,6151
8286,4406
8287,5297
8288,5047
8290,2318
8291,481
8292,3196
8294,179
8296,5307
8298,3405
8299,2277
8301,5506
8303,4891
8304,5259
8305,4401
8306,2572
8307,4993
8308,4918
8309,3404
8310,2277
8311,4711
8312,6386
8313,6049
8314,2454
8316,5818
8318,359
8319,4723
8320,117
8321,3393
8322,5312
8323,2466
8324,6330
8325,2093
8326,2097
8327,6171
8328,270
8329,1564
8330,2693
8331,4360
8333,73
8334,1646
8335,2946
8336,3196
8338,3777
8339,4696
8340,322
8343,3375
8344,3692
8345,5366
8346,2892
8347,2277
8348,4237
8349,4970
8351,1587
8352,2014
8354,3744
8355,2737
8357,2873
8358,5696
8359,6002
8361,2147
8362,5098
8363,6354
8364,3038
8365,1541
8366,1175
8368,1502
8369,2614
8370,3004
8371,2021
8372,5461
8373,5837
8375,5475
8376,5004
8377,643
8378,4638
8379,2021
8380,2466
8381,5591
8382,4153
8383,5370
8384,3786
8385,2165
8386,735
8387,4877
8388,2836
8390,777
8391,4520
8392,1413
8393,4300
8394,5892
8396,4291
8398,1213
8399,515
8400,5052
8402,4544
8404,975
8406,3666
8407,1240
8408,503
8410,2277
8411,2873
8414,4966
8417,3846
8418,1667
8419,95
8420,3672
8421,1210
8423,86
8424,5037
8425,1643
8426,4195
8428,2878
8430,1549
8431,4207
8432,5586
8434,638
8435,4422
8436,5084
8437,829
8438,4464
8439,4609
8440,5376
8442,3910
8443,3826
8444,1098
8445,1075
8446,5850
8447,115
8448,3503
8450,3691
8451,1250
8455,279
8456,129
8459,6303
8462,5216
8463,4069
8464,3686
8465,4323
8466,1271
8467,4264
8468,2325
8469,684
8472,870
8473,817
8474,4503
8475,2480
8476,4784
8477,3259
8478,3945
8479,1210
8480,3268
8481,3898
8485,6316
8486,952
8489,1210
8494,4410
8495,3635
8497,4342
8500,5632
8501,132
8502,5324
8505,3744
8506,2810
8507,4952
8508,1210
8510,2177
8511,3562
8512,4437
8513,198
8514,3907
8516,6224
8517,6377
8518,2100
8520,2264
8521,5456
8523,5593
8524,14
8527,3191
8528,2021
8530,3274
8531,2578
8532,691
8533,5470
8534,596
8535,5994
8536,1909
8538,1066
8541,4583
8544,3465
8546,3588
8548,3222
8549,1015
8550,2277
8552,1210
8553,3496
8556,2345
8557,6371
8559,3442
8560,415
8562,5771
8564,1210
8565,4654
8567,5004
8571,695
8572,6143
8576,4347
8578,1601
8581,5207
8582,5173
8583,3039
8584,4269
8585,2922
8586,5611
8588,2241
8589,3915
8590,4907
8592,2021
8593,3977
8594,6335
8595,2063
8596,1083
8597,4537
8598,4288
8599,627
8600,5259
8601,4847
8602,4804
8603,1878
8604,5892
8605,4073
8606,1688
8607,3164
8608,37
8609,4948
8610,6185
8611,5956
8612,5904
8613,6002
8614,1731
8615,4291
8616,867
8617,2010
8618,4291
8619,4671
8620,1759
8621,1443
8622,4591
8623,774
8624,4620
8626,3465
8627,1935
8628,2095
8629,6230
8630,4276
8631,4831
8632,3678
8633,917
8634,4666
8635,1177
8636,5736
8637,5303
8638,4850
8639,2987
8640,2556
8641,1115
8642,2021
8644,5264
8645,73
8647,4765
8649,4259
8652,1931
8653,5259
8655,3083
8656,3024
8657,2468
8658,4875
8659,5984
8660,3152
8661,765
8663,1588
8664,2277
8665,748
8666,3751
8668,4257
8670,2856
8671,1941
8676,2110
8677,6111
8678,1683
8679,2237
8680,913
8682,160
8684,1150
8685,4952
8686,3514
8687,4655
8689,4954
8691,6240
8695,1818
8696,1201
8697,4745
8698,3776
8699,928
8700,364
8702,1116
8704,920
8707,666
8709,4654
8711,834
8712,5771
8713,6148
8716,4169
8718,6046
8719,6072
8720,3620
8721,234
8722,387
8724,4490
8725,5407
8726,4973
8727,2996
8728,3750
8730,4479
8731,416
8732,1252
8733,2378
8734,398
8735,5875
8736,4223
8738,5285
8740,2935
8742,2297
8743,212
8744,4973
8745,4049
8746,2210
8747,1122
8748,1632
8750,3691
8751,1056
8752,5967
8753,4618
8754,5573
8755,4485
8756,3540
8757,5928
8758,2725
8760,2732
8762,2871
8763,2014
8764,4578
8765,5469
8766,3744
8767,1789
8768,2497
8769,3197
8770,3724
8771,1687
8772,2166
8773,2358
8774,667
8780,2302
8782,1865
8783,5943
8784,4952
8785,349
8786,3375
8787,3208
8789,3992
8790,2021
8791,262
8794,2021
8795,5008
8796,4088
8798,879
8799,1803
8800,4012
8801,1170
8802,75
8803,1337
8804,1210
8806,2602
8807,2183
8808,239
8810,1210
8811,2308
8812,3819
8813,1271
8814,6040
8815,4546
8817,1830
8818,212
8820,2739
8821,5259
8822,2979
8823,561
8825,6150
8826,1216
8827,253
8828,3763
8830,5004
8831,1053
8832,5765
8834,229
8835,1211
8837,2170
8839,2184
8841,518
8843,2277
8844,1860
8845,474
8846,2987
8847,26
8851,1030
8854,3375
8855,3951
8856,1385
8857,2873
8860,4948
8861,1451
8862,4156
8863,6239
8864,4307
8865,4952
8866,5783
8867,1946
8868,1863
8869,6004
8870,5948
8873,5197
8876,1116
8878,3691
8881,1150
8882,1945
8884,2754
8886,3710
8887,6087
8888,51
8889,643
8890,1555
8891,5297
8892,2385
8894,2095
8896,1756
8897,4575
8898,6383
8899,5380
8900,2849
8901,5325
8902,172
8903,3763
8905,5670
8906,2592
8907,1947
8908,2159
8909,1743
8910,2277
8912,65
8913,6152
8914,983
8915,5405
8917,4952
8918,4672
8919,2126
8920,5713
8921,6239
8922,132
8924,3955
8925,6111
8926,3488
8927,3644
8928,2588
8929,4646
8930,4257
8932,212
8934,3657
8935,6300
8937,2980
8938,4904
8940,4819
8941,6115
8942,234
8943,853
8945,5521
8946,5446
8947,4157
8948,4952
8949,3759
8955,2953
8957,4738
8958,1826
8959,398
8960,1034
8962,2768
8963,4695
8964,3878
8966,2817
8967,319
8972,2186
8973,5606
8975,54
8976,1118
8977,3412
8978,72
8981,2301
8982,2277
8983,4848
8984,813
8986,2376
8987,5259
8988,5008
8989,2366
8991,5614
8994,1873
8995,1358
8997,4596
8998,1902
8999,726
9000,889
9001,3992
9002,719
9003,4185
9004,3585
9005,5302
9007,4259
9009,2608
9010,5271
9013,1620
9014,1043
9015,1413
9016,4525
9017,179
9018,3854
9019,579
9020,3618
9021,6384
9022,1210
9023,5745
9024,3200
9026,800
9027,93
9028,6230
9029,4168
9030,2652
9031,1627
9034,1274
9035,2056
9036,4769
9037,6126
9045,185
9046,5751
9047,1105
9048,919
9049,1654
9050,3738
9051,2092
9052,2944
9053,5343
9054,4219
9056,6242
9059,4997
9061,5832
9063,4698
9064,1724
9065,4838
9067,2466
9068,2014
9069,5762
9070,2903
9071,2073
9072,2890
9073,937
9074,2231
9075,6355
9076,1276
9077,5873
9078,63
9079,4727
9080,6207
9081,6209
9083,3670
9085,351
9086,206
9088,6318
9089,2487
9090,2754
9091,5474
9092,5892
9093,971
9094,5509
9095,6088
9097,1407
9098,7
9099,1953
9102,4883
9103,6341
9104,990
9106,2873
9107,4142
9109,2371
9110,5219
9111,1521
9112,3672
9113,3156
9114,4892
9115,259
9116,1059
9117,5542
9118,1311
9119,4646
9120,4894
9121,3903
9122,5262
9123,5960
9124,1409
9126,1383
9127,5633
9129,4527
9130,1210
9131,2248
9132,3966
9134,6209
9135,1130
9136,5483
9137,6355
9138,77
9139,1281
9142,590
9143,5869
9144,1376
9145,1271
9146,5565
9149,1761
9151,3197
9152,5931
9154,4154
9156,6191
9158,5004
9160,3324
9161,541
9163,2770
9164,4831
9165,4799
9166,714
9168,5622
9169,4188
9171,6348
9172,2427
9177,5584
9179,735
9180,5366
9181,3199
9182,362
9183,5985
9184,3752
9185,4567
9186,408
9187,4621
9189,1636
9190,2562
9191,1739
9192,3617
9193,2832
9195,3546
9196,4713
9197,5646
9199,3272
9200,2119
9201,802
9202,4893
9203,1936
9204,2021
9205,2898
9207,2095
9211,556
9212,1163
9214,1562
9215,704
9218,4291
9219,1587
9221,5948
9222,4731
9223,4738
9225,2038
9227,290
9230,2871
9231,2277
9232,2021
9235,2653
9236,1668
9237,1921
9238,4115
9240,2166
9241,48
9242,4942
9243,1931
9244,5549
9245,2992
9246,4893
9247,5446
9248,4534
9249,1637
9250,4375
9251,1673
9252,2163
9253,2375
9254,853
9255,1408
9258,2075
9259,890
9260,3754
9261,1809
9262,2056
9263,4959
9264,4563
9266,240
9268,3682
9270,4006
9272,1414
9273,1146
9275,1539
9278,3508
9279,3571
9280,4544
9283,3197
9284,3885
9285,4574
9287,5199
9288,687
9289,5964
9290,5161
9291,347
9292,3393
9293,2463
9294,3021
9295,2245
9296,1537
9297,2031
9300,4892
9301,1894
9302,5202
9306,4063
9307,3992
9311,3432
9312,4936
9313,5605
9314,3200
9316,2375
9319,4284
9322,4294
9323,4787
9324,299
9325,1655
9328,3768
9329,2021
9332,5892
9333,3259
9334,51
9336,3065
9337,2050
9338,5579
9339,3174
9341,4348
9342,5657
9346,4883
9347,5892
9348,4503
9349,3872
9350,4072
9352,4459
9355,1652
9356,493
9357,3392
9358,3799
9359,4586
9360,2558
9361,379
9362,2642
9363,6230
9365,5637
9366,4972
9367,1193
9368,3196
9369,5210
9370,1931
9371,4274
9372,5084
9373,2903
9374,1851
9375,2542
9376,380
9378,227
9379,4498
9380,1145
9381,4159
9382,5807
9384,6074
9386,5063
9387,2319
9388,1526
9389,2551
9390,3056
9391,5425
9392,2092
9393,4503
9395,6012
9396,4379
9397,4162
9398,4622
9400,4292
9401,912
9402,5697
9404,6009
9405,1503
9407,989
9408,2139
9409,1536
9412,6266
9413,5276
9414,4444
9416,2935
9417,3229
9418,2437
9420,4257
9422,680
9423,4318
9426,1719
9427,4064
9428,3700
9429,4194
9430,6227
9431,2672
9432,6288
9433,3375
9434,697
9435,2177
9436,2256
9438,5036
9439,3300
9441,267
9442,6230
9443,1583
9445,4410
9446,3623
9447,1210
9450,3049
9452,1654
9453,4056
9454,5752
9455,1854
9457,439
9458,4700
9460,3361
9462,5359
9465,4485
9466,3655
9467,68
9468,61
9471,4942
9472,4698
9473,4204
9474,2098
9475,4463
9476,1125
9477,3744
9478,3341
9480,1436
9481,5299
9482,2616
9483,3744
9485,2958
9488,2277
9490,3824
9491,3961
9492,4459
9494,5342
9495,261
9498,6101
9499,3950
9500,5282
9501,3164
9503,3713
9504,1658
9506,2588
9507,1806
9508,2166
9509,3716
9511,6383
9512,5004
9514,5758
9516,6208
9517,4026
9521,2116
9526,5236
9527,10
9529,4698
9530,5296
9531,2445
9533,3156
9534,2277
9535,1725
9536,5316
9537,1757
9538,3673
9539,2485
9541,3744
9542,5366
9543,3709
9545,3785
9546,2799
9548,2530
9549,2509
9550,2277
9551,5877
9553,3021
9554,3728
9555,5708
9556,2182
9557,3789
9558,5533
9559,788
9560,4530
9561,6090
9563,4258
9564,4371
9565,5861
9566,1329
9567,3999
9568,5795
9571,668
9572,2418
9573,3253
9574,5411
9577,5004
9578,3589
9580,5363
9582,3632
9583,4223
9584,4502
9585,3311
9586,5471
9587,2587
9588,5746
9589,5035
9590,4684
9591,1915
9593,1678
9596,1479
9598,808
9599,1317
9601,511
9603,2672
9604,1772
9607,5111
9608,6039
9610,5774
9611,5258
9613,5501
9614,3717
9616,1129
9618,3465
9619,4254
9620,1933
9621,5004
9623,5456
9624,5827
9626,2277
9627,5448
9628,1285
9629,3908
9631,666
9632,6259
9633,1245
9634,2286
9636,4828
9638,3752
9639,448
9641,3273
9642,5028
9643,2114
9645,3562
9647,726
9650,4891
9651,726
9652,445
9656,4500
9657,5273
9658,3271
9659,2021
9660,1313
9663,260
9664,3757
9665,4843
9666,4738
9667,612
9668,5117
9669,3463
9671,6111
9672,1281
9673,212
9675,2588
9676,4499
9678,4148
9679,4698
9680,618
9683,3556
9684,218
9685,5893
9686,5259
9687,2079
9693,879
9694,4895
9695,950
9697,2999
9698,3192
9699,1562
9700,3744
9701,2647
9704,5207
9706,1473
9707,5751
9708,5449
9712,3984
9713,6148
9715,4796
9716,1170
9717,1659
9718,21
9719,2090
9720,4046
9721,4145
9722,1654
9723,721
9724,663
9725,4952
9726,5878
9727,5413
9728,3285
9729,2322
9730,4738
9731,3890
9733,5702
9734,166
9735,1380
9736,2027
9737,926
9738,350
9740,4101
9742,2775
9743,1981
9745,3925
9746,4412
9747,3776
9748,874
9749,673
9751,5740
9754,13
9755,3845
9756,1210
9757,6088
9758,2487
9759,5141
9760,4942
9761,1664
9762,3493
9763,423
9765,5078
9766,294
9767,1213
9768,2586
9770,6284
9772,6178
9773,5389
9774,2859
9775,1399
9778,2344
9780,2082
9783,5633
9784,4810
9787,81
9789,2150
9790,591
9791,5394
9792,729
9793,6263
9794,408
9796,3338
9798,266
9799,643
9800,6199
9802,3576
9803,3746
9806,73
9807,3744
9808,3940
9810,5020
9811,2750
9812,377
9813,5614
9814,4697
9816,5004
9817,3827
9818,635
9819,2075
9820,1350
9822,4738
9823,213
9824,2953
9825,3228
9826,2552
9827,3760
9828,1970
9829,2608
9830,2593
9832,2069
9833,607
9834,1593
9835,1282
9836,4822
9840,5892
9843,3744
9844,3100
9847,4810
9848,46
9849,5259
9850,1889
9851,4551
9852,179
9853,973
9854,5328
9855,874
9857,5919
9858,1145
9859,3463
9860,4627
9861,6137
9863,4799
9864,5041
9865,2754
9866,3275
9867,4884
9868,5214
9869,2992
9872,2277
9873,5873
9875,1210
9876,387
9878,869
9880,3894
9881,1696
9883,3099
9884,3293
9886,5532
9887,4079
9888,2570
9891,2987
9893,260
9894,3744
9897,737
9898,2301
9899,144
9901,5632
9902,1589
9903,6344
9904,2214
9905,5925
9906,5595
9907,4832
9908,5380
9909,2873
9910,5342
9911,5531
9913,4892
9914,4850
9915,3279
9916,1225
9918,5487
9920,686
9921,5367
9922,3269
9923,335
9924,1625
9925,1778
9926,2576
9929,4262
9930,1668
9933,3191
9936,2016
9937,1515
9938,5820
9939,831
9940,1498
9941,3375
9942,1990
9943,51
9944,5102
9945,4359
9946,5469
9947,6034
9948,881
9949,3154
9950,5455
9951,4977
9952,3456
9953,3341
9954,375
9955,511
9956,1695
9957,1883
9959,1335
9961,4709
9962,5950
9963,486
9964,5366
9965,2506
9966,4635
9967,1378
9968,4433
9970,2604
9971,6239
9972,6343
9973,5382
9974,5350
9975,5004
9976,1279
9977,2544
9978,2277
9979,6054
9983,5865
9984,2277
9985,1823
9986,2500
9987,5592
9988,1726
9989,1103
9990,3706
9991,3570
9993,5366
9994,4435
9995,212
9996,1210
9997,5349
9998,3502
9999,4018
10000,4499
10001,1821
10003,2472
10006,4952
10007,2021
10009,5648
10013,1371
10014,4625
10015,4799
10016,3820
10017,2942
10018,5892
10019,3602
10020,5370
10021,4640
10022,2964
10029,1465
10030,3087
10031,6168
10032,5377
10033,1893
10035,4795
10036,2279
10037,4908
10039,5931
10043,2481
10045,2773
10047,4035
10048,3600
10050,6201
10051,449
10052,3713
10053,3224
10054,2539
10055,260
10057,3832
10058,5720
10059,4307
10060,2462
10061,1083
10062,5728
10063,5897
10064,3958
10067,3414
10068,6342
10069,1384
10071,1210
10072,3406
10074,5081
10075,242
10078,3922
10080,344
10081,6236
10082,731
10083,681
10084,879
10087,3768
10089,2411
10090,3072
10091,5612
10092,1992
10093,1290
10094,257
10096,139
10097,165
10098,1000
10099,5971
10101,3900
10102,5975
10103,2277
10107,1595
10109,6037
10112,4245
10113,1465
10114,4291
10115,6106
10116,1210
10118,2871
10119,4703
10120,2836
10121,1290
10122,2277
10123,5130
10125,2862
10127,3805
10128,6321
10132,623
10135,4001
10136,3840
10137,3624
10138,3640
10140,740
10142,5212
10143,5133
10144,4942
10145,1903
10146,4555
10147,2408
10148,5070
10150,2176
10151,2260
10152,1941
10155,5991
10156,260
10157,5829
10159,1848
10162,6229
10163,960
10164,5377
10165,852
10167,1490
10168,5787
10169,3258
10170,5314
10171,5365
10172,1572
10174,5762
10175,2123
10176,2222
10177,4291
10178,2204
10181,212
10182,4871
10183,2717
10184,1475
10185,2487
10189,1014
10190,4640
10191,3472
10193,4908
10196,3776
10197,1325
10198,789
10201,5004
10202,5614
10203,4703
10204,1370
10205,995
10206,179
10207,1663
10208,3743
10209,3257
10210,4952
10211,2006
10214,4778
10215,3295
10216,611
10218,338
10220,1210
10221,4557
10222,6189
10223,2203
10225,4410
10228,3978
10229,817
10231,6127
10234,5638
10235,3560
10238,5203
10239,2692
10240,4884
10242,6234
10243,1125
10244,5150
10245,83
10247,2971
10249,2731
10250,868
10252,6054
10254,5924
10255,736
10257,4626
10258,258
10259,4912
10260,5364
10261,5004
10262,3273
10263,809
10265,5689
10266,1662
10267,2755
10269,4952
10271,6048
10272,854
10273,3686
10274,3027
10275,1024
10276,3086
10277,4671
10279,3744
10280,3744
10281,4942
10285,5939
10286,4705
10288,462
10289,6012
10290,2935
10291,4166
10293,3562
10295,5075
10296,5873
10297,2250
10298,5911
10299,1747
10300,1861
10301,1845
10302,893
10303,4891
10304,1879
10305,3241
10307,1763
10308,2346
10313,798
10314,5495
10315,2960
10317,2095
10318,3036
10319,6216
10320,1172
10323,919
10324,3537
10325,4223
10327,4948
10329,212
10332,4556
10333,3234
10334,925
10335,370
10336,1154
10338,4042
10339,2689
10340,1159
10342,3744
10343,2754
10345,2494
10346,1604
10347,532
10348,3177
10349,4508
10352,5259
10355,3763
10356,4952
10357,3196
10358,5720
10359,4035
10361,2674
10362,6380
10363,6132
10364,5177
10365,296
10366,1005
10367,1851
10368,2839
10369,5311
10372,5746
10373,549
10374,334
10377,1589
10378,2470
10379,4524
10381,4181
10382,5633
10383,182
10384,2569
10386,6284
10387,4086
10389,2597
10390,527
10391,2638
10392,5822
10394,6121
10396,1380
10397,5987
10398,4513
10399,5606
10400,1210
10402,674
10403,2099
10404,294
10405,2021
10406,2039
10409,5259
10410,3901
10412,212
10413,261
10414,2277
10415,2794
10416,2935
10417,5534
10418,1210
10419,1872
10423,5008
10424,6331
10425,163
10427,2415
10428,4513
10430,2937
10431,2277
10432,3278
10433,1214
10434,3707
10438,1089
10439,3301
10440,2937
10442,2112
10443,998
10444,5476
10445,2667
10447,1218
10448,133
10450,2581
10454,3423
10455,3034
10456,66
10457,5020
10458,5036
10459,4987
10460,1342
10461,447
10462,4815
10464,5020
10466,4241
10470,1497
10471,3730
10472,5004
10473,2021
10475,1495
10476,5047
10477,6056
10480,186
10482,3945
10483,1502
10484,2314
10485,398
10488,3209
10489,4653
10492,5004
10493,5873
10494,73
10496,4274
10497,4421
10498,2277
10500,6052
10501,4831
10502,2754
10503,3825
10504,1489
10506,1551
10507,1069
10508,5832
10510,2717
10513,1500
10514,6218
10515,5437
10516,1478
10517,896
10522,3382
10524,2640
10526,5869
10527,5210
10528,1287
10529,5204
10530,3587
10531,6373
10532,5632
10534,4952
10535,1779
10536,2503
10537,1210
10539,4345
10540,1376
10541,5304
10544,1182
10545,913
10548,1120
10551,1284
10552,73
10553,3117
10555,2025
10556,215
10557,5199
10558,5698
10560,5455
10561,4866
10562,5630
10563,5455
10564,2705
10566,1082
10567,576
10570,451
10571,4891
10574,5462
10575,323
10576,3386
10577,3562
10578,987
10579,2873
10580,5892
10581,4952
10582,100
10583,3924
10584,4532
10585,3375
10586,4738
10588,576
10589,3186
10590,914
10591,6301
10592,1789
10593,4815
10594,4952
10595,1504
10597,2756
10598,3217
10599,4822
10600,1431
10601,2277
10603,2451
10604,4738
10605,4076
10606,1210
10607,4624
10608,5892
10611,4386
10612,1891
10613,958
10615,4310
10618,3222
10621,2682
10624,505
10626,1491
10627,4191
10628,3120
10629,1753
10630,2555
10632,4810
10633,1232
10635,5644
10636,3496
10637,6324
10642,2238
10643,5084
10646,1435
10647,1510
10648,511
10652,2277
10653,4010
10656,4697
10657,5349
10660,330
10663,2752
10664,4013
10665,473
10668,1825
10670,5902
10673,608
10674,2277
10675,4728
10676,6181
10677,5362
10681,4770
10684,2596
10685,5533
10688,1031
10689,1661
10690,4735
10691,4377
10692,2021
10694,2274
10695,4365
10696,4694
10697,4648
10698,3713
10700,1447
10701,5058
10702,722
10703,4214
10706,2714
10708,2831
10713,3759
10714,4575
10716,4952
10717,324
10718,3744
10719,1300
10720,1221
10721,5751
10722,5038
10723,4690
10724,495
10726,5421
10727,2476
10729,3744
10730,2993
10731,2840
10733,2987
10734,2378
10735,4555
10736,141
10737,4658
10739,1922
10741,4785
10742,4431
10743,1661
10745,3758
10746,4762
10747,1573
10748,4952
10749,1473
10751,3191
10752,6239
10754,6178
10755,3726
10756,1139
10757,5747
10758,3140
10760,4277
10761,3171
10765,4682
10766,5259
10767,2992
10768,2021
10769,6174
10770,4952
10772,5268
10773,1123
10774,3843
10775,1483
10776,1958
10777,3831
10778,5824
10779,2821
10780,3987
10782,5419
10783,2584
10785,4373
10786,5862
10789,2951
10791,5486
10795,3014
10796,5887
10797,3713
10798,4902
10799,6284
10801,6123
10802,4718
10803,2813
10804,3358
10805,1536
10808,634
10811,1818
10813,2283
10814,2424
10815,1457
10817,2789
10819,1829
10820,2487
10821,2126
10822,2510
10823,2697
10826,6080
10827,2274
10828,4313
10829,820
10830,4182
10831,950
10833,2021
10835,4892
10836,5216
10838,796
10840,2751
10842,6239
10845,5742
10846,1895
10847,2690
10848,1852
10849,4952
10850,5057
10851,2871
10852,3895
10854,313
10855,5901
10856,5305
10858,5339
10859,4931
10860,1435
10861,4853
10864,3234
10865,687
10868,5223
10869,5948
10870,5405
10873,3245
10876,4173
10877,1068
10878,2731
10879,5885
10880,4184
10883,4646
10885,4640
10886,2215
10887,5469
10889,3713
10890,738
10892,2252
10893,4952
10894,509
10896,4457
10897,3111
10898,2039
10899,1433
10900,759
10903,125
10906,5159
10907,271
10909,5100
10910,4928
10912,6169
10914,5718
10915,164
10917,3687
10918,455
10920,2578
10921,5308
10922,3227
10923,1542
10924,1959
10925,879
10927,1210
10928,3670
10930,2526
10932,4370
10934,875
10936,1166
10937,4998
10938,5632
10941,4697
10942,713
10943,2335
10944,3117
10945,2207
10948,4663
10949,2494
10950,4822
10952,1376
10954,3222
10955,1210
10956,5216
10957,3887
10958,4312
10959,3744
10961,5482
10962,4213
10964,1907
10966,4622
10967,4936
10968,703
10969,2459
10971,936
10972,6159
10973,883
10974,3744
10975,5764
10976,1061
10979,2431
10980,5259
10981,5795
10983,6055
10987,1912
10989,4253
10990,3246
10991,5702
10992,3796
10993,2280
10994,2197
10998,1554
10999,4646
11000,5072
11004,3611
11006,3823
11007,899
11008,5147
11009,4793
11010,737
11011,2754
11014,6309
11016,3920
11017,3248
11018,4730
11019,4513
11020,1536
11021,2447
11023,3871
11025,1431
11026,1290
11027,951
11030,4857
11031,4157
11032,5829
11033,801
11034,295
11037,4920
11038,5815
11039,4085
11040,3463
11042,5004
11043,6148
11044,5116
11045,5015
11047,3449
11048,2781
11050,3465
11054,5111
11056,1579
11060,5326
11061,6051
11062,696
11063,4158
11064,5702
11065,1677
11066,2096
11068,4318
11070,1999
11071,3713
11072,4383
11073,732
11075,4102
11076,5776
11077,4423
11078,260
11079,4531
11081,1587
11082,4137
11083,4464
11084,5609
11085,3280
11086,1792
11087,5142
11088,5949
11089,1023
11091,627
11092,665
11093,5210
11095,1829
11096,2953
11097,3076
11098,6134
11101,1246
11102,2128
11104,5259
11105,1624
11110,1441
11111,1683
11113,3174
11115,5297
11116,4024
11117,2427
11118,4958
11119,2738
11120,3286
11121,441
11122,2008
11123,1290
11125,1463
11126,5278
11128,2601
11130,4464
11133,4909
11134,5609
11135,4182
11136,5829
11138,659
11139,4810
11140,4424
11141,1747
11142,1271
11143,4354
11145,555
11147,1211
11148,6065
11153,5004
11154,2277
11156,6032
11157,3593
11161,2353
11165,3119
11166,1400
11169,2607
11170,5011
11171,2097
11172,2142
11176,2277
11178,4576
11180,4697
11181,2389
11182,1137
11184,3849
11185,4411
11188,1852
11189,1930
11190,2572
11191,4200
11192,5969
11194,3168
11195,5119
11196,5179
11197,977
11198,350
11200,5259
11201,4172
11204,1360
11205,6292
11206,5260
11207,5219
11208,2014
11209,5739
11210,2279
11211,5619
11213,6258
11214,3900
11215,2746
11217,5499
11218,2993
11219,365
11224,2427
11225,5707
11226,5004
11227,3337
11228,4942
11229,1210
11230,5084
11231,2996
11232,3588
11233,4730
11234,5216
11235,2021
11236,1980
11237,3210
11238,3028
11239,260
11240,3266
11241,5018
11242,1983
11243,5099
11244,3465
11246,4675
11247,2474
11249,4576
11250,6119
11253,3638
11254,2749
11255,3208
11256,746
11258,461
11259,496
11260,2277
11262,6248
11264,5198
11265,957
11267,4949
11268,4993
11269,3233
11270,6164
11271,5351
11272,5614
11273,1154
11274,2279
11276,5596
11277,998
11278,1641
11279,5876
11282,2871
11283,6170
11284,66
11288,4611
11289,2819
11290,4891
11291,3322
11293,5702
11295,1210
11297,2819
11298,5004
11299,3820
11300,5111
11304,216
11305,4952
11306,5027
11308,421
11309,1058
11310,2886
11311,2159
11313,3201
11314,2277
11315,2562
11316,5612
11317,2595
11318,4182
11320,3430
11321,1189
11324,1421
11325,2812
11326,3701
11327,1210
11328,3513
11329,2277
11330,2371
11333,2954
11334,845
11335,6233
11336,815
11342,1508
11345,5207
11346,1497
11348,2095
11349,3259
11350,2005
11351,4598
11352,4593
11353,576
11355,4046
11356,5829
11357,3399
11358,4952
11359,4054
11360,4554
11361,5259
11362,4242
11363,4922
11364,1627
11365,257
11367,5057
11368,4627
11369,443
11371,2135
11372,5097
11373,782
11374,3414
11377,3188
11381,4755
11382,413
11383,5699
11384,4325
11385,5545
11386,1252
11388,1068
11389,3326
11391,4145
11393,3603
11396,2072
11397,784
11398,5848
11399,4730
11400,293
11401,4161
11402,1789
11403,2739
11404,2279
11406,1711
11407,566
11408,1059
11409,4246
11412,945
11414,1832
11415,3017
11416,2449
11418,3693
11419,6269
11420,5527
11422,4671
11423,575
11424,694
11425,2347
11426,2146
11428,1252
11430,408
11431,2193
11432,5632
11433,2987
11434,3259
11436,1007
11437,2249
11440,5352
11441,2253
11442,918
11443,988
11444,5259
11448,2183
11450,6019
11451,825
11453,3859
11454,282
11455,3529
11456,3728
11457,3569
11459,1275
11460,3189
11461,3530
11462,5455
11463,5806
11464,126
11465,6104
11467,604
11468,3368
11469,5642
11470,5004
11471,2816
11472,5866
11473,2566
11474,5579
11477,118
11479,2277
11480,5539
11481,4291
11482,6147
11483,284
11484,4675
11485,500
11487,2346
11488,3703
11490,18
11491,6239
11492,2538
11493,3334
11494,2039
11495,5632
11497,2095
11498,4668
11500,1647
11501,3143
11502,2360
11503,3894
11505,1257
11506,3744
11507,3803
11509,1572
11510,1210
11513,5998
11516,5421
11517,6111
11519,5688
11520,6325
11523,3656
11524,3952
11525,5048
11526,4102
11527,2949
11528,5535
11529,2465
11531,1046
11532,36
11533,4796
11534,4513
11535,3105
11537,5228
11538,3184
11540,319
11541,5259
11542,4457
11543,1252
11545,5084
11546,1789
11547,5876
11548,1210
11551,2279
11552,5004
11553,1407
11554,2031
11555,5127
11556,544
11558,5020
11559,5647
11561,3117
11562,71
11563,3349
11564,1306
11565,3332
11566,1941
11567,5443
11568,5091
11570,5589
11572,946
11573,767
11574,2335
11578,3162
11580,5552
11581,1016
11582,4722
11583,1632
11584,2388
11585,5192
11586,1888
11587,4357
11588,1210
11589,703
11591,1529
11592,5004
11593,1079
11594,3324
11595,1947
11596,1164
11597,1720
11600,5189
11602,2476
11605,2424
11606,4623
11608,726
11610,5711
11611,4952
11612,5762
11614,3117
11615,4942
11616,1510
11618,5331
11619,2412
11620,1407
11621,4952
11626,2904
11627,810
11629,2573
11630,5624
11631,5084
11632,1252
11634,1252
11635,5873
11636,5751
11637,1339
11638,2337
11639,3992
11640,4079
11641,4847
11642,801
11644,5004
11645,3261
11646,5427
11648,2366
11649,2052
11651,4099
11652,1882
11653,3744
11654,4003
11655,5754
11656,2752
11657,3852
11660,5499
11661,2386
11663,2293
11664,26
11665,661
11666,2617
11667,6029
11668,5668
11669,412
11670,2880
11672,5075
11674,4788
11675,4952
11676,658
11678,1469
11679,2112
11681,5297
11682,2021
11683,4520
11684,2277
11685,3085
11686,3404
11687,171
11688,5671
11689,477
11690,2519
11693,4380
11695,4822
11696,4730
11697,2563
11698,2501
11699,936
11700,1210
11703,5640
11704,5892
11708,6060
11709,3382
11710,2509
11711,3322
11712,1757
11714,3340
11715,3758
11716,3472
11717,2613
11718,2041
11719,5371
11720,3744
11723,1561
11724,245
11725,3691
11726,5094
11728,4082
11729,761
11730,5838
11733,1343
11735,5061
11736,2217
11737,2755
11738,3196
11740,4451
11746,5228
11747,5105
11748,6372
11749,2277
11750,2274
11752,3374
11753,1202
11754,4942
11755,5265
11757,1562
11758,6369
11759,4952
11761,1617
11762,1922
11766,3542
11767,4645
11768,947
11769,6301
11771,2419
11772,276
11773,1367
11774,3992
11775,4246
11776,3903
11778,3892
11779,4183
11780,6240
11781,2590
11782,1431
11783,66
11784,3260
11785,2224
11787,4735
11788,1514
11789,4366
11791,3375
11792,4245
11795,2435
11796,2983
11797,3174
11798,1276
11799,4840
11800,5801
11801,3776
11802,2389
11803,1853
11804,1146
11806,5216
11807,1628
11808,1946
11809,3205
11811,4806
11812,198
11813,3564
11815,4515
11816,3091
11818,6042
11819,689
11820,5514
11822,220
11823,5987
11826,286
11827,6268
11828,3496
11829,4052
11830,5609
11831,3795
11832,5246
11833,5084
11837,4892
11838,3661
11839,4246
11840,4246
11841,2021
11842,2561
11843,5480
11844,2267
11846,2284
11847,5078
11848,5840
11849,1210
11851,2058
11852,529
11853,3007
11854,5954
11855,38
11856,5813
11857,5632
11861,5300
11862,3291
11863,3259
11864,2752
11865,1817
11866,3475
11867,5885
11868,5342
11869,151
11870,4383
11871,5004
11872,212
11873,6351
11874,122
11875,2623
11876,5008
11878,2052
11879,4749
11880,5632
11881,2067
11882,1233
11883,3572
11884,5814
11885,3117
11886,203
11887,3650
11889,4102
11890,5702
11891,5997
11892,5979
11893,5590
11894,6071
11895,1020
11896,4942
11897,702
11898,5533
11899,6111
11902,2035
11903,2734
11904,2021
11906,5071
11910,4994
11911,2486
11912,879
11914,1327
11915,144
11916,1618
11917,5702
11919,383
11920,4546
11921,3070
11922,4513
11923,1568
11924,2377
11925,4936
11926,2961
11927,5105
11929,1075
11932,2941
11933,1584
11934,49
11937,5499
11938,268
11940,3375
11941,3617
11942,1718
11943,4330
11944,2728
11945,1868
11946,6066
11947,1127
11948,1965
11949,1070
11952,2963
11953,4556
11954,1548
11955,5817
11956,783
11957,3489
11958,3658
11959,4477
11960,1587
11961,2819
11962,1799
11963,72
11964,1996
11966,4709
11967,2055
11968,5389
11969,5843
11973,2589
11975,5829
11978,2095
11980,5914
11982,1346
11984,3129
11985,667
11986,5263
11988,960
11990,4871
11991,5792
11992,194
11993,3392
11994,4352
11995,1410
11997,4563
11999,3254
12000,2681
12001,5092
12002,3553
12003,5463
12005,2821
12011,1517
12012,4904
12014,6268
12019,3165
12020,250
12021,3528
12022,393
12024,1397
12025,2277
12026,4086
12027,3604
12028,2594
12031,4549
12033,3254
12034,2424
12035,620
12036,4660
12038,1356
12040,4499
12041,2236
12044,5408
12045,815
12046,3573
12047,3356
12048,1874
12049,735
12050,5517
12051,4557
12052,3196
12053,2787
12054,2923
12055,3959
12057,6
12058,4010
12059,52
12060,5844
12061,2522
12062,1114
12063,4875
12064,6239
12065,6054
12066,394
12067,2917
12068,879
12069,6159
12070,5493
12071,4002
12072,1423
12074,5815
12075,87
12076,5994
12080,3674
12081,5846
12082,4036
12083,698
12084,438
12085,900
12086,4883
12087,5849
12088,2004
12092,4892
12096,4869
12097,2116
12098,1532
12099,5632
12100,5269
12101,160
12102,66
12103,1857
12104,2757
12106,4246
12107,5036
12109,4503
12110,352
12111,4243
12112,860
12113,4563
12114,1610
12115,1719
12116,3283
12117,4464
12118,1022
12119,3992
12121,5305
12124,1692
12125,3005
12126,3731
12128,5441
12130,223
12131,5409
12132,4482
12133,3713
12135,643
12136,5762
12137,1354
12138,2135
12139,5170
12140,5307
12141,2583
12142,4952
12143,1017
12144,4085
12145,3166
12146,311
12147,1308
12148,3143
12149,4387
12151,4797
12153,4182
12155,3458
12157,5854
12159,2384
12160,5671
12161,3596
12162,1767
12163,4004
12165,2370
12166,595
12167,4491
12168,1986
12170,2560
12171,4230
12173,1183
12174,4157
12175,4780
12176,703
12180,5104
12181,384
12185,4226
12186,6208
12187,3671
12189,1108
12192,5481
12194,5751
12196,6053
12198,4244
12201,3196
12202,3818
12205,2740
12206,4536
12208,2343
12209,2277
12211,621
12212,5613
12213,3806
12214,933
12215,2902
12216,895
12217,2445
12218,5205
12219,5873
12220,557
12222,754
12223,3775
12224,4983
12226,2948
12227,619
12228,2754
12229,6145
12230,4180
12231,6358
12235,2277
12237,5499
12238,2935
12240,1210
12243,6321
12244,2605
12245,5856
12248,643
12249,94
12252,5631
12253,1248
12254,3476
12255,6298
12256,5107
12261,1846
12262,5252
12264,421
12267,679
12269,4319
12270,6080
12271,1157
12273,6209
12274,5841
12275,3437
12276,1314
12277,2791
12278,4920
12279,2724
12281,1826
12282,2274
12287,4914
12288,6040
12290,4603
12292,5971
12293,196
12294,2089
12295,2668
12298,5354
12299,2014
12300,1160
12303,726
12304,5095
12305,783
12306,2021
12308,4174
12309,3004
12310,1073
12311,5829
12312,1826
12313,2228
12314,3267
12316,2975
12319,4082
12323,1047
12327,65
12328,2356
12330,3036
12331,1160
12334,2023
12335,6098
12336,2716
12337,5646
12341,3164
12342,3337
12343,6271
12345,5365
12346,3722
12347,3723
12348,5572
12350,5626
12351,6351
12355,1210
12356,4246
12359,1826
12362,4730
12363,5702
12365,2754
12366,3355
12367,5633
12368,2320
12370,4683
12372,3096
12373,5004
12374,162
12378,4846
12379,4182
12380,4520
12381,4735
12382,2158
12383,1681
12384,2045
12386,5391
12388,5529
12391,95
12392,5892
12395,370
12396,415
12397,2881
12398,4937
12399,1615
12400,4764
12403,6000
12404,2166
12405,2277
12406,4439
12407,3326
12409,1323
12410,1210
12411,1210
12412,3140
12414,3995
12415,1843
12416,3888
12417,2673
12418,3431
12420,2551
12422,4421
12423,2935
12425,144
12427,86
12428,2755
12429,905
12431,1426
12434,3331
12435,3236
12436,4723
12437,5469
12439,1062
12441,5718
12442,4912
12445,2279
12446,6188
12448,5557
12449,926
12451,5486
12454,4513
12455,2277
12456,5391
12458,4893
12459,4246
12460,5084
12461,725
12462,1956
12467,5348
12468,4718
12470,2100
12471,570
12473,3828
12474,3452
12475,616
12477,570
12479,3337
12481,1587
12482,5921
12484,1170
12485,4646
12486,5614
12488,1276
12489,5454
12490,4571
12491,5004
12493,908
12494,2731
12496,2574
12497,2938
12498,86
12499,26
12500,5323
12502,2279
12503,5857
12504,2936
12505,275
12506,4842
12507,3320
12510,2761
12511,2380
12512,1565
12514,3744
12517,4973
12518,570
12520,1833
12521,1184
12522,6360
12524,4157
12525,6109
12529,1709
12530,5781
12532,3982
12533,2928
12534,66
12535,5633
12536,6000
12538,5004
12542,4969
12543,1232
12544,1220
12545,2316
12546,4650
12547,388
12549,3529
12551,5297
12552,6356
12553,6094
12554,2819
12555,431
12558,6011
12559,392
12560,4499
12561,5723
12562,1112
12563,249
12564,4005
12565,2095
12566,1476
12567,1338
12568,2445
12574,4952
12575,1352
12576,1135
12577,5795
12580,324
12581,1643
12582,3941
12583,2421
12584,6288
12585,5017
12587,4695
12588,3542
12589,178
12590,484
12593,5004
12595,1931
12597,2492
12599,5276
12601,437
12602,4812
12606,1276
12607,4290
12608,5345
12611,447
12613,1239
12614,4868
12615,4729
12617,5578
12618,558
12619,65
12620,472
12621,2277
12622,3086
12623,3984
12624,622
12625,2742
12628,512
12629,2895
12630,3208
12631,3426
12632,3896
12633,554
12634,124
12636,4696
12638,3095
12640,4092
12641,2935
12643,1376
12644,6083
12645,1312
12648,1035
12649,4818
12650,5362
12652,3907
12654,3271
12655,179
12658,4646
12661,3933
12663,540
12666,3375
12667,3953
12668,2691
12670,1982
12671,830
12672,6293
12673,929
12674,3482
12675,3701
12676,833
12677,3239
12678,4836
12681,4483
12682,1540
12683,1636
12685,2496
12686,6059
12687,3935
12688,5116
12689,4157
12690,4329
12692,982
12693,1246
12695,4673
12696,880
12697,4238
12700,212
12701,3375
12703,4504
12704,6213
12706,4891
12707,2731
12708,1701
12709,3055
12710,5323
12711,2534
12713,950
12714,1465
12715,2470
12716,1937
12717,405
12719,3862
12720,4689
12721,66
12722,260
12723,801
12727,78
12729,4214
12730,1465
12731,169
12732,97
12733,4585
12734,3667
12736,5759
12737,1465
12738,4645
12739,5366
12740,1663
12741,5510
12742,3935
12745,4816
12746,1685
12747,6079
12748,5671
12749,3794
12750,6147
12751,3202
12753,1754
12754,726
12756,848
12757,1208
12758,2819
12761,2444
12762,5021
12763,6004
12764,3355
12765,4671
12766,5455
12767,3992
12768,4239
12769,469
12771,4970
12772,4505
12773,5685
12774,2277
12776,1270
12778,3463
12779,5259
12781,2095
12782,6308
12783,5632
12784,212
12787,2150
12788,4074
12789,4215
12790,3003
12792,3562
12793,5047
12797,237
12798,6256
12799,5720
12802,5648
12803,4952
12804,1191
12805,879
12806,5183
12807,3234
12808,2711
12809,207
12810,1984
12811,5004
12812,3711
12814,2603
12816,3547
12817,4613
12820,605
12821,1681
12823,1014
12824,3178
12825,2452
12826,4749
12827,3890
12828,5197
12829,3433
12831,5311
12832,3702
12833,4442
12834,5590
12835,4713
12836,2127
12837,5366
12839,1742
12841,161
12843,2277
12845,3539
12846,4192
12849,3503
12850,2643
12851,2021
12852,2381
12854,188
12856,4712
12857,6372
12859,3406
12861,4102
12863,1576
12864,457
12866,2277
12867,1223
12868,5130
12869,5899
12870,589
12871,3402
12872,1434
12873,3644
12874,801
12876,1902
12877,2477
12878,1871
12879,3666
12880,574
12883,684
12884,5750
12885,5047
12887,5969
12888,2021
12889,4082
12894,4417
12895,4942
12896,6147
12898,3024
12899,1331
12901,2265
12902,4499
12904,4229
12905,302
12906,287
12908,1458
12909,637
12910,5789
12911,2065
12912,3310
12913,5632
12914,811
12915,910
12916,253
12917,5873
12918,447
12919,4474
12920,5830
12921,6299
12922,5118
12924,6203
12925,2700
12926,3734
12927,5650
12928,3314
12929,179
12930,5120
12933,2268
12934,1646
12935,186
12937,1241
12938,5357
12940,1525
12941,3808
12942,5034
12943,3717
12946,4936
12948,1271
12949,2092
12950,5152
12951,2140
12952,4862
12953,5920
12955,3071
12957,2418
12958,5872
12959,2436
12960,3431
12961,314
12962,2655
12963,4936
12964,4888
12966,86
12967,4416
12968,3473
12969,5469
12970,4786
12972,469
12973,4891
12974,1442
12975,2365
12976,4349
12978,3744
12979,2137
12981,2612
12983,2089
12984,5888
12985,4646
12987,1346
12988,4711
12989,4748
12990,1708
12992,72
12993,2277
12997,1694
12998,4597
12999,4203
13000,214
13001,1941
13003,2076
13004,3382
13005,5502
13006,4010
13007,2277
13009,2399
13011,3939
13012,2059
13013,3856
13016,84
13017,6310
13018,5234
13020,3500
13021,3744
13023,3143
13024,2621
13025,3579
13026,1187
13027,1247
13028,4719
13030,4889
13033,4786
13034,2818
13035,2397
13036,4274
13038,5741
13039,5922
13040,6342
13041,5873
13042,4214
13044,2713
13045,2249
13046,4133
13047,2824
13048,4366
13050,4721
13052,5307
13053,4891
13054,2739
13055,3900
13056,6256
13061,1210
13062,5590
13063,1097
13067,5102
13069,1543
13071,193
13073,1502
13074,4292
13076,408
13077,3450
13078,1630
13079,1978
13080,2801
13081,254
13082,4671
13085,4985
13087,5798
13088,1777
13089,6378
13091,807
13092,3674
13094,3027
13095,5892
13096,1829
13098,5004
13099,4576
13102,3222
13103,321
13104,2248
13105,2403
13106,2021
13107,4430
13109,1091
13111,5614
13112,3146
13113,2183
13115,1281
13116,3090
13117,4622
13118,1271
13120,5634
13121,3463
13122,5004
13123,6369
13124,1252
13125,5008
13126,3787
13128,718
13130,4168
13131,1407
13132,565
13133,5315
13134,941
13135,1424
13137,3382
13138,5334
13140,2828
13141,5141
13142,1629
13143,2716
13144,3985
13146,6004
13147,5631
13148,5933
13150,2095
13151,1533
13152,1789
13154,3686
13155,2573
13156,6113
13157,6246
13159,1210
13161,1276
13162,4367
13165,4945
13166,3604
13167,4011
13172,4652
13173,3595
13174,6239
13175,1055
13176,5083
13177,5780
13178,2116
13179,3752
13180,5103
13181,1627
13184,3308
13185,5635
13188,5863
13190,6239
13192,801
13193,4161
13194,573
13195,2469
13196,2418
13197,5627
13198,5469
13200,6208
13201,2350
13202,5199
13203,4306
13204,911
13205,1386
13207,119
13211,1789
13212,238
13214,2355
13217,3604
13218,3365
13219,1210
13221,3610
13225,3242
13226,6138
13227,4978
13228,6375
13229,623
13231,5714
13232,1651
13233,1752
13234,4593
13235,261
13237,2779
13239,260
13240,2318
13241,1924
13242,6111
13243,2867
13244,5779
13246,3888
13247,856
13248,4035
13249,1640
13250,734
13251,6298
13252,3761
13254,2809
13255,3989
13256,1400
13257,80
13258,1800
13263,642
13264,4644
13265,5911
13268,1531
13271,2183
13272,710
13273,6086
13275,0
13276,5093
13279,1186
13280,6230
13281,944
13282,2842
13283,5243
13284,3375
13285,2575
13286,4249
13287,5259
13288,2097
13289,6282
13292,272
13293,5326
13294,4234
13295,2955
13296,4294
13297,2464
13299,5618
13301,6361
13303,4555
13304,1210
13305,3549
13306,4574
13307,1569
13308,5232
13309,5876
13310,3958
13312,260
13313,5293
13314,4961
13315,4446
13317,4497
13319,4894
13320,1584
13321,4094
13322,662
13323,6209
13324,5391
13325,4681
13326,2274
13327,781
13329,3791
13331,5273
13332,3744
13333,421
13335,1298
13336,2225
13337,5413
13339,5237
13340,331
13342,4241
13343,3521
13346,1980
13348,3992
13349,217
13350,4104
13351,2883
13352,1728
13353,1552
13354,1882
13356,6133
13357,2039
13361,4864
13362,5005
13363,607
13364,597
13365,3235
13366,1290
13367,6129
13368,3691
13369,684
13370,1846
13371,3067
13372,5069
13373,5571
13374,2806
13375,2861
13376,4734
13378,2160
13379,3168
13381,3617
13384,5776
13389,4660
13390,2095
13392,4698
13393,5225
13395,3894
13397,1326
13398,6317
13400,5134
13402,4923
13404,2897
13407,2157
13408,422
13410,5789
13411,161
13413,1454
13414,4063
13417,5541
13418,4244
13419,4606
13420,3066
13421,3459
13422,6336
13423,3352
13424,1252
13425,3894
13428,2315
13430,2422
13431,6020
13432,5004
13433,5607
13434,3740
13438,2277
13439,2803
13440,997
13442,144
13445,3147
13446,6239
13447,2154
13448,2518
13449,3947
13451,945
13452,5004
13453,3316
13455,2721
13456,5741
13457,5947
13458,6005
13459,1197
13461,602
13462,3465
13463,2514
13464,3420
13466,1715
13467,109
13468,4865
13469,3674
13470,4896
13473,2135
13474,2995
13475,2245
13476,1160
13478,1686
13479,5047
13480,1589
13482,4646
13487,2723
13489,1908
13491,1789
13493,4190
13496,4375
13497,4083
13501,1002
13503,5142
13504,1850
13505,5935
13507,447
13508,692
13509,3375
13510,987
13511,419
13513,2899
13514,2164
13516,5446
13517,2021
13518,2776
13519,5530
13520,166
13521,735
13523,2427
13524,3247
13525,3157
13526,1991
13529,526
13532,2660
13534,5157
13535,839
13537,3059
13538,886
13539,106
13540,216
13542,3585
13543,2021
13544,3534
13546,750
13547,6158
13548,1835
13550,3249
13551,2515
13552,5136
13553,3992
13554,5477
13555,5529
13556,1210
13557,378
13558,5290
13559,3643
13566,4777
13568,718
13570,5895
13572,5613
13573,772
13575,4563
13576,2635
13578,1544
13580,3795
13581,1007
13583,2335
13584,5284
13585,11
13586,1985
13587,3435
13588,3120
13590,2800
13591,643
13592,2277
13593,2752
13594,2318
13595,1741
13596,3136
13597,4392
13600,2277
13602,6289
13603,4942
13604,1078
13605,5892
13606,1072
13607,4652
13608,1451
13610,4823
13611,4997
13615,3454
13616,5483
13617,2566
13618,6313
13619,3526
13620,5383
13625,3684
13626,4618
13627,3557
13629,1388
13631,4323
13633,6111
13634,3234
13637,5125
13639,3523
13640,6209
13642,4928
13644,1422
13645,6092
13646,6257
13648,2304
13649,5372
13650,3368
13651,5997
13652,797
13653,4593
13654,1788
13656,4930
13657,4375
13658,4576
13659,187
13661,2722
13662,3406
13663,5632
13664,5276
13666,3167
13667,5722
13668,5795
13669,848
13670,1916
13672,70
13673,66
13675,370
13676,307
13677,5633
13678,5064
13679,4782
13680,767
13682,2645
13684,5261
13685,1227
13686,1509
13689,1152
13690,2277
13692,1559
13694,3197
13695,3744
13698,6235
13699,5594
13700,2558
13702,4625
13703,2011
13704,2871
13705,3776
13706,1200
13708,2284
13709,5548
13711,3355
13712,1362
13713,3375
13714,2439
13715,3904
13716,91
13717,581
13718,2283
13721,4942
13722,82
13723,2468
13724,5614
13727,5582
13730,3736
13732,1838
13733,3669
13734,256
13735,3127
13737,5227
13738,3809
13740,4566
13742,1092
13743,522
13744,2230
13746,2930
13748,3591
13749,3457
13750,4940
13751,5817
13752,5274
13753,5259
13756,5004
13757,4138
13758,2751
13759,3750
13760,5798
13762,1016
13763,3657
13765,4083
13767,5675
13768,649
13769,3177
13770,4097
13771,643
13772,3747
13774,2277
13775,3744
13776,157
13777,3629
13778,3315
13779,5882
13780,3339
13782,3357
13783,4533
13784,6004
13785,4178
13787,6250
13788,3651
13789,5116
13790,770
13791,2418
13793,917
13794,3682
13795,3273
13796,6160
13798,4009
13800,6095
13801,1230
13802,3196
13803,1789
13805,520
13806,1138
13807,1890
13809,1545
13810,3744
13812,3314
13814,2823
13817,3130
13818,4671
13819,1045
13820,1271
13821,197
13822,1210
13824,2179
13826,5816
13827,2277
13830,1839
13832,5233
13834,6180
13835,5604
13838,72
13839,2876
13841,4529
13843,1646
13844,497
13845,1586
13846,4894
13847,2741
13848,3886
13849,181
13850,3510
13851,4303
13853,6270
13855,4863
13856,3584
13857,1113
13858,1210
13859,5395
13860,664
13861,4891
13863,6351
13865,4713
13866,1874
13867,3251
13868,2642
13869,3795
13870,1210
13872,620
13873,4003
13874,6230
13875,5553
13877,1210
13880,4102
13881,2701
13883,3908
13885,5998
13886,3894
13887,1813
13888,3758
13891,5892
13893,3012
13894,4963
13897,6239
13898,1205
13899,5795
13900,4087
13901,4830
13902,174
13903,804
13904,2647
13905,4377
13906,5761
13907,3672
13908,5004
13909,3271
13910,1721
13911,703
13912,4795
13913,2518
13915,2148
13919,1764
13920,323
13921,3923
13922,101
13924,2768
13925,5838
13926,5632
13927,2494
13928,5084
13930,3744
13931,777
13932,3637
13934,762
13935,6254
13936,2277
13937,1754
13938,6133
13940,925
13941,4942
13942,5750
13944,1456
13945,4645
13946,6209
13947,4303
13948,3117
13949,5873
13950,3877
13952,1415
13953,944
13957,4427
13961,4749
13964,2843
13966,3376
13967,5774
13969,1794
13970,3992
13972,6004
13973,238
13974,969
13975,1530
13979,5389
13980,3863
13981,616
13982,4841
13983,6202
13984,2912
13985,3216
13987,1210
13989,220
13990,4486
13992,5606
13996,5989
13997,2819
13999,612
14001,1698
14003,4932
14004,1421
14005,501
14007,5632
14008,961
14009,170
14011,2166
14012,5632
14013,5374
14014,5004
14016,2284
14017,6006
14018,3744
14019,5084
14020,702
14023,5366
14024,3916
14025,4499
14026,4478
14027,3182
14028,2371
14029,2151
14030,5692
14033,3568
14035,1780
14037,4563
14038,2095
14039,2574
14040,2019
14041,5895
14042,4403
14043,3993
14044,4548
14045,3879
14047,2081
14048,5391
14049,735
14050,212
14051,6050
14052,6240
14053,690
14055,3710
14056,4116
14057,1135
14058,103
14059,5306
14060,1998
14062,4573
14063,6288
14064,3776
14065,6312
14066,737
14067,5723
14068,5619
14069,4952
14070,5084
14071,4574
14075,1408
14076,5593
14080,1584
14081,3579
14082,1458
14083,2277
14085,2871
14086,3566
14088,5004
14090,48
14093,5708
14094,2585
14095,5682
14097,1865
14098,1269
14099,5887
14103,3421
14107,2508
14108,4513
14109,5370
14110,3951
14112,1957
14114,4892
14115,5456
14116,5884
14118,4771
14119,3164
14120,2376
14121,2602
14122,3281
14124,1210
14129,4901
14130,5152
14131,502
14132,6373
14134,4414
14138,600
14139,4319
14140,2054
14141,101
14142,101
14143,4291
14144,3883
14145,5110
14146,6328
14147,5216
14148,447
14153,1395
14154,6239
14155,6060
14156,3674
14157,1755
14160,5008
14161,5174
14162,6020
14163,3092
14164,212
14166,4324
14168,1512
14169,3821
14171,2259
14173,5783
14174,5177
14175,5567
14177,2095
14178,603
14181,5805
14183,114
14184,4698
14185,4748
14186,1272
14188,5929
14190,4942
14191,5429
14192,2389
14193,2461
14194,1187
14195,5632
14197,3284
14198,2199
14199,5254
14200,3744
14201,274
14202,2409
14203,5002
14204,677
14207,129
14208,798
14209,4464
14211,2599
14214,1587
14215,4116
14217,1505
14219,5426
14220,2546
14221,1746
14222,2166
14223,4952
14224,3893
14225,4562
14226,5047
14227,4214
14228,5827
14229,4709
14230,1951
14233,791
14235,2614
14236,2021
14237,4801
14239,1335
14240,1914
14241,4586
14244,3926
14245,1671
14246,5892
14248,1009
14249,5342
14251,4625
14252,6363
14255,4102
14257,3579
14258,3031
14259,2484
14260,1366
14261,3562
14262,3465
14263,4942
14264,4880
14265,2418
14266,5195
14267,2014
14268,507
14269,1210
14271,4428
14272,2525
14273,2591
14274,2717
14275,3357
14276,1632
14277,6036
14278,6225
14279,3768
14280,4097
14281,4356
14284,3909
14285,2466
14286,5492
14287,1351
14289,3830
14291,861
14292,4939
14293,2021
14294,5004
14298,1445
14299,2364
14300,1133
14301,1147
14302,1322
14303,2223
14304,5365
14305,5891
14306,3279
14307,4792
14309,3541
14310,139
14312,3670
14313,1148
14315,3848
14316,775
14318,6151
14319,2205
14320,4297
14321,512
14323,5259
14324,5084
14325,3622
14327,2095
14328,2277
14329,588
14330,72
14331,4891
14334,4711
14335,6238
14337,1489
14339,5004
14340,3759
14342,6166
14343,2871
14344,4831
14346,691
14347,650
14348,1890
14349,1166
14351,1416
14352,2195
14354,2613
14355,5007
14357,1303
14358,3259
14359,5198
14361,1964
14362,6280
14363,1862
14367,2248
14368,210
14369,2206
14370,2631
14371,5938
14372,5084
14373,5067
14375,2051
14376,3735
14378,793
14379,2619
14382,1049
14384,1658
14385,5016
14386,5310
14387,2754
14388,4952
14389,3298
14393,3606
14394,4646
14395,3259
14397,381
14398,1199
14399,2326
14400,2191
14401,4307
14402,2039
14403,3435
14404,4080
14406,3088
14407,6285
14408,4464
14410,4499
14411,2028
14412,2103
14413,5576
14415,3543
14416,1914
14417,982
14420,3174
14422,471
14423,2004
14424,1829
14425,4646
14426,4464
14428,3366
14429,6312
14432,5741
14433,5690
14435,212
14436,3616
14437,2249
14439,4537
14441,1993
14443,1148
14444,370
14445,6209
14450,370
14451,5895
14452,2101
14456,3375
14458,6307
14459,4831
14460,6370
14461,568
14463,1617
14466,4164
14467,1366
14469,5823
14470,3046
14471,4246
14472,2166
14473,3566
14478,2443
14479,6072
14481,26
14482,3795
14483,4508
14485,4317
14487,5863
14488,1881
14489,3712
14490,260
14491,5148
14493,3812
14494,1607
14496,5600
14497,246
14500,5889
14502,2712
14503,73
14506,4557
14508,2744
14509,1486
14512,1361
14513,1339
14515,2901
14517,404
14518,6252
14519,4698
14521,1885
14522,1093
14523,3052
14525,5632
14527,1003
14530,675
14532,950
14534,1202
14537,6178
14539,1210
14540,4097
14541,3068
14542,811
14544,850
14545,326
14546,708
14547,3463
14548,4279
14549,3375
14551,4017
14552,4246
14553,2717
14554,1235
14555,641
14556,1546
14557,2277
14558,835
14559,4464
14561,5223
14562,297
14564,5459
14565,323
14571,3431
14572,145
14573,2029
14574,4311
14576,3577
14578,5998
14579,144
14580,2021
14582,3568
14583,2035
14584,6296
14586,4574
14587,1917
14590,5847
14591,5469
14592,72
14593,406
14595,1499
14596,5741
14597,2086
14598,6374
14599,1271
14600,3465
14601,5750
14603,2863
14604,5829
14605,2249
14606,3318
14607,593
14608,1002
14609,333
14610,361
14611,2521
14612,4157
14615,1210
14616,594
14618,1165
14619,3375
14620,2920
14622,4215
14625,5455
14627,2969
14628,3125
14629,4447
14630,1251
14631,2930
14632,2665
14633,4464
14634,1513
14635,2637
14636,3730
14637,5686
14638,2152
14640,708
14642,494
14643,5446
14644,2056
14645,5846
14646,701
14649,260
14650,1389
14653,4884
14654,4267
14656,454
14658,722
14659,4214
14661,4503
14662,6142
14663,5216
14665,2116
14666,4494
14667,1160
14668,5207
14669,5573
14670,5633
14672,3421
14674,2277
14675,3057
14677,562
14678,3764
14679,3563
14680,2171
14681,5317
14682,3893
14683,294
14684,3782
14685,2277
14687,2209
14689,1942
14690,2277
14691,3209
14692,1822
14693,4853
14694,3822
14695,3169
14696,1847
14697,216
14698,4576
14699,4024
14700,1210
14701,3674
14702,1768
14703,1714
14706,260
14707,1798
14708,1399
14709,3443
14711,821
14712,4936
14714,5399
14715,4880
14716,5751
14718,5653
14719,2935
14720,919
14721,3744
14723,237
14724,1496
14725,776
14726,5004
14728,3776
14729,3393
14730,3548
14731,4871
14733,66
14734,20
14735,2416
14736,4756
14739,1977
14740,4814
14743,3822
14745,512
14746,2932
14747,4071
14749,5633
14751,5047
14754,2418
14755,72
14756,798
14758,5953
14759,4581
14761,4341
14762,4425
14763,2544
14765,5238
14767,5001
14768,4981
14769,2661
14770,3305
14772,2088
14774,1210
14775,2054
14776,2771
14777,3176
14779,285
14780,3273
14781,3399
14783,4992
14784,2993
14785,2627
14789,3983
14791,806
14792,2277
14793,5795
14795,1736
14796,3707
14797,1666
14798,4574
14800,3191
14802,3023
14804,2538
14805,5008
14806,3755
14807,1052
14808,938
14809,5129
14810,3271
14811,117
14812,1211
14814,2880
14815,302
14817,314
14818,1891
14819,3824
14820,260
14821,4246
14825,5121
14826,20
14827,427
14828,2004
14829,6312
14830,4242
14834,2715
14835,4185
14836,4688
14837,6105
14838,2095
14840,5702
14842,1825
14845,652
14846,3033
14847,4671
14849,2143
14851,979
14852,2685
14854,2272
14855,1856
14856,4477
14857,2692
14858,2393
14859,5102
14860,3394
14861,449
14862,1462
14863,485
14864,5255
14866,6216
14867,4245
14868,1060
14870,497
14871,3602
14872,2956
14873,2299
14875,2631
14876,6295
14878,4449
14880,5576
14881,174
14882,6031
14884,2021
14885,1557
14887,4215
14888,1650
14890,1255
14892,1471
14893,435
14894,5917
14895,459
14896,3465
14897,4710
14898,2074
14900,542
14902,2549
14903,2421
14905,4517
14906,4555
14907,3550
14911,1680
14912,5985
14913,655
14914,1238
14915,563
14917,5465
14920,5726
14921,4054
14922,4893
14923,1529
14924,546
14925,2588
14926,5333
14927,4299
14928,2021
14930,5019
14931,2388
14934,860
14935,6304
14936,5004
14937,5892
14938,4510
14939,3865
14940,2566
14941,3187
14942,4167
14943,2770
14944,4158
14946,6037
14949,3790
14950,3990
14952,4646
14953,2772
14954,2192
14955,5919
14956,527
14957,5256
14960,3306
14961,1671
14962,1011
14964,708
14967,5439
14968,1251
14969,161
14970,5708
14971,945
14972,2538
14974,5842
14975,6349
14976,1777
14977,3223
14980,2950
14984,1732
14985,5126
14987,3522
14988,3015
14989,5818
14992,2021
14993,1252
14994,1505
14995,3135
14998,5469
14999,180
15002,212
15004,212
15006,476
15007,5494
15008,542
15009,3164
15010,6230
15011,580
15012,2625
15013,2948
15014,5417
15015,521
15016,1096
15017,1465
15018,1726
15020,6025
15031,6249
15032,2611
15033,5147
15034,6144
15037,5006
15038,2232
15041,1281
15042,237
15043,6192
15044,4372
15046,1841
15047,5838
15048,1160
15049,5284
15050,1837
15051,398
15052,2412
15053,5632
15054,1160
15058,3949
15060,2568
15061,2277
15062,3776
15063,5251
15064,1705
15065,2021
15067,5779
15068,1467
15069,3185
15072,2871
15073,2487
15074,3906
15075,950
15077,6177
15078,4947
15079,3670
15080,2400
15082,4310
15085,3411
15087,4212
15088,4881
15089,1980
15090,4169
15091,4980
15092,4544
15095,205
15096,795
15099,4847
15100,2092
15101,5892
15103,179
15104,875
15105,3811
15106,5803
15107,4139
15108,6020
15110,1466
15111,1268
15112,72
15114,1663
15115,6000
15116,324
15118,3744
15119,3992
15120,5222
15121,411
15122,2457
15123,6294
15124,3380
15126,5062
15128,4952
15129,3264
15130,212
15131,5219
15134,3744
15137,2313
15139,4595
15140,4571
15142,3642
15143,2277
15145,5004
15146,4503
15147,30
15148,5831
15149,3259
15151,1592
15152,809
15154,3900
15156,4948
15157,2716
15159,4182
15161,4744
15162,3966
15163,3196
15164,5004
15166,4485
15168,4703
15170,1895
15171,5808
15172,6230
15174,5298
15175,6028
15176,3078
15178,2846
15179,1644
15180,5004
15183,5894
15184,5838
15185,2021
15186,3713
15187,4223
15188,2277
15190,1941
15191,1210
15192,1834
15193,4646
15198,5829
15200,1562
15201,2992
15202,1188
15203,4308
15204,336
15207,1485
15209,3213
15211,3117
15216,5640
15217,4776
15218,4969
15220,5491
15221,4125
15224,234
15225,162
15227,4560
15229,2873
15230,1210
15231,5650
15233,917
15234,4408
15235,360
15236,583
15237,1160
15238,891
15239,5747
15240,3776
15242,4035
15243,1271
15244,2286
15245,5084
15246,5285
15247,1620
15248,73
15249,2200
15253,5428
15254,1608
15256,950
15260,3450
15262,5892
15263,5378
15265,4487
15266,4952
15267,1240
15268,712
15269,3992
15270,1790
15271,2244
15272,2331
15273,2403
15275,2035
15276,2785
15279,6357
15282,4425
15283,51
15285,1595
15286,6186
15288,2016
15289,5567
15291,4340
15292,2554
15293,1665
15294,5116
15295,4404
15296,684
15297,4891
15300,345
15301,5254
15303,2392
15305,643
15306,38
15307,4010
15308,955
15309,2987
15310,3162
15312,5729
15313,1448
15314,4388
15315,5306
15316,4928
15317,4657
15318,3474
15319,6060
15320,1276
15321,5457
15322,3039
15323,504
15325,113
15326,2138
15327,5187
15328,2647
15330,5366
15331,4837
15332,5678
15333,3004
15335,4061
15336,3710
15337,6209
15339,1079
15340,2021
15341,864
15343,195
15344,5616
15346,4904
15347,3196
15348,3361
15349,1817
15350,3837
15351,1196
15352,1858
15354,5587
15355,5047
15358,817
15359,4223
15360,5571
15361,2135
15362,2196
15365,4481
15368,2015
15370,5342
15371,102
15372,5712
15373,917
15374,2574
15375,3217
15376,6016
15377,5074
15378,3912
15379,1110
15381,1653
15382,3326
15385,4014
15386,3964
15387,5391
15388,1804
15389,5699
15390,1020
15391,3129
15392,4796
15393,4652
15394,4882
15396,363
15397,1025
15398,6345
15399,388
15401,5043
15402,4223
15403,4777
15404,5515
15405,2009
15406,3883
15409,5458
15411,1683
15413,1022
15417,5990
15418,819
15419,2565
15420,1762
15421,89
15422,5004
15423,5259
15424,3881
15427,3752
15428,1681
15430,5245
15431,5538
15432,6368
15434,2628
15436,5221
15440,2081
15442,4494
15446,3230
15447,1767
15450,2571
15452,2529
15453,3992
15454,3004
15455,65
15456,910
15457,5388
15458,3758
15460,2626
15462,5207
15463,3927
15464,2087
15465,5306
15466,5133
15467,1276
15468,2994
15469,5456
15470,3562
15471,4927
15472,3263
15473,1603
15474,5751
15475,1842
15476,2173
15477,34
15478,3367
15479,3010
15480,4464
15481,2304
15483,3752
15484,5004
15485,2965
15487,3465
15488,5164
15489,4431
15490,308
15491,3271
15494,4952
15495,1627
15496,4375
15497,3947
15498,5219
15499,4952
15500,3744
15502,1143
15503,857
15504,2707
15506,5393
15507,1123
15509,3320
15510,1987
15511,5468
15512,6212
15513,2727
15514,5674
15515,2996
15516,879
15523,5632
15525,4773
15526,2819
15527,2277
15529,5873
15530,4145
15531,4671
15532,5873
15533,5855
15534,4634
15535,548
15536,5580
15537,1859
15539,3375
15540,4831
15541,6333
15543,313
15544,1663
15545,4514
15546,1855
15547,5229
15548,391
15549,2151
15550,5775
15552,4892
15554,3273
15556,907
15557,212
15559,3256
15561,2069
15562,4485
15564,3359
15565,2190
15566,1130
15567,2420
15568,2277
15569,1829
15571,6213
15573,3172
15574,5137
15575,6221
15576,6172
15577,1210
15578,4558
15579,1252
15581,2374
15582,3370
15583,4746
15584,4520
15585,5469
15586,743
15587,1145
15589,2673
15590,3271
15591,4121
15593,1302
15595,2055
15596,1369
15599,3644
15600,2335
15601,2808
15603,5099
15604,2277
15605,925
15606,4020
15607,717
15608,5
15609,4282
15610,1283
15611,5403
15612,4678
15614,1026
15615,2933
15616,5996
15617,4942
15618,5219
15619,1516
15620,5743
15622,6112
15624,5031
15625,2277
15627,5836
15628,3373
15630,4512
15631,3498
15632,291
15633,6230
15634,5892
15635,3608
15637,5560
15639,5985
15640,5163
15641,2679
15642,2957
15643,2296
15644,2762
15645,1200
15646,2758
15647,4245
15649,644
15650,3744
15651,4219
15652,3581
15653,4425
15654,996
15655,5189
15656,3439
15657,468
15658,4912
15659,4619
15660,3164
15662,4942
15663,1826
15664,5349
15666,2796
15668,1252
15669,2021
15670,2095
15671,5632
15672,4829
15674,2014
15675,1905
15677,2097
15682,2484
15683,243
15685,1304
15686,939
15688,860
15689,5365
15690,5871
15692,2269
15693,6082
15694,1203
15695,6177
15696,908
15698,1904
15699,3811
15700,2763
15701,2277
15703,1267
15704,5667
15705,4169
15706,4874
15707,3485
15708,2682
15709,6273
15710,4671
15711,4246
15712,5160
15713,2871
15714,4223
15716,233
15717,4386
15718,3454
15719,1210
15720,326
15721,4087
15722,1211
15723,5342
15724,4366
15726,784
15727,4070
15728,5391
15729,6036
15730,1166
15731,553
15732,4328
15733,704
15734,4306
15736,4878
15737,393
15740,4106
15741,4952
15743,6281
15744,5795
15746,3542
15747,5218
15748,176
15752,5768
15754,4247
15755,1212
15756,5539
15757,5394
15758,2418
15760,5036
15761,5004
15762,2914
15763,1750
15764,993
15766,4646
15767,3710
15768,2835
15769,3672
15770,3454
15774,4389
15775,2982
15777,336
15779,4197
15780,2281
15781,6283
15782,2762
15783,6343
15784,3096
15785,1237
15787,3519
15788,4849
15789,1973
15790,3542
15792,5645
15793,5285
15794,3525
15795,4336
15798,2117
15799,542
15800,2642
15801,1826
15802,5810
15803,1461
15804,2406
15805,2277
15806,2133
15807,1421
15809,5428
15810,179
15812,610
15813,3252
15814,2883
15815,4827
15816,1142
15817,4091
15818,5986
15819,2142
15820,1866
15821,6347
15823,2302
15825,6328
15826,1252
15828,5141
15831,398
15832,4973
15833,1856
15835,2976
15837,1744
15838,847
15840,1382
15841,4991
15842,76
15843,3183
15845,5366
15846,5791
15848,42
15849,1874
15850,3805
15852,47
15853,2807
15854,891
15855,10
15857,1207
15858,513
15859,4338
15860,4908
15861,1980
15863,3732
15864,4698
15865,1365
15866,6350
15868,923
15869,2615
15870,4810
15871,4079
15872,2830
15873,1498
15874,5629
15875,420
15880,4486
15882,1982
15886,6219
15887,3443
15888,1012
15889,247
15890,5421
15891,2049
15892,260
15893,4964
15894,5896
15895,3744
15897,3119
15898,2438
15900,5366
15901,4867
15904,3547
15905,1290
15906,4718
15907,5864
15908,1815
15909,688
15910,2987
15913,1194
15914,3047
15917,2529
15918,1607
15921,684
15922,3608
15923,1160
15924,3210
15925,5617
15927,817
15928,4952
15930,3766
15931,5422
15932,1063
15933,4563
15934,3325
15935,4179
15937,6206
15939,6204
15942,5146
15944,1572
15945,4944
15946,2551
15948,5004
15949,2012
15950,3509
15951,2021
15952,2656
15953,2368
15954,1589
15955,260
15956,4395
15957,2475
15958,6369
15959,6215
15961,2670
15963,3644
15964,5930
15965,6352
15966,5050
15967,2763
15969,2845
15973,5450
15974,3474
15975,1689
15976,1825
15977,3319
15978,4058
15979,4701
15981,5751
15982,1400
15983,3816
15986,4019
15987,1691
15988,3200
15990,570
15991,5286
15993,5102
15995,2544
15997,478
15998,678
15999,53
16001,4163
16002,5916
16003,5291
16004,1980
16005,5219
16006,843
16008,5457
16009,6214
16011,3994
16012,773
16013,6043
16014,327
16016,405
16017,1036
16019,758
16024,3485
16025,3171
16026,3510
16027,2906
16028,1587
16030,2945
16031,2047
16032,2277
16033,2523
16034,2012
16035,748
16037,3501
16039,309
16041,305
16042,1171
16044,5348
16045,1902
16046,2024
16047,3774
16048,4955
16049,790
16051,1564
16053,1124
16054,4078
16055,3271
16056,3625
16059,1377
16061,5116
16064,1598
16065,3895
16067,6030
16069,1678
16071,4034
16073,785
16075,5004
16076,696
16077,4823
16078,2987
16080,6148
16081,1808
16084,3976
16085,4288
16086,3417
16088,2291
16089,4568
16090,3420
16091,5108
16092,4617
16094,4627
16095,1455
16097,2181
16098,2598
16100,5952
16101,5084
16102,4394
16103,5720
16104,2624
16105,2825
16107,3713
16109,69
16110,6080
16111,1789
16113,6033
16115,2674
16116,4129
16117,4747
16119,4083
16120,1406
16121,6230
16123,5984
16124,149
16128,1505
16129,3713
16131,1465
16133,1898
16134,5307
16135,962
16136,5366
16137,1076
16138,2975
16139,901
16140,3569
16145,4341
16146,1589
16147,5651
16148,5726
16149,1060
16150,2353
16151,237
16152,5804
16155,2873
16157,2212
16158,5632
16159,3986
16160,1028
16162,6239
16163,3559
16164,6190
16165,3222
16166,4257
16167,107
16168,2788
16169,3505
16170,726
16171,4370
16172,4520
16174,2502
16175,5563
16176,5215
16178,3816
16179,3321
16180,2809
16181,5950
16183,5574
16186,2021
16189,2600
16191,405
16193,43
16194,3889
16195,2166
16196,1344
16197,4892
16200,1181
16203,877
16204,2021
16206,3992
16207,4862
16208,4952
16209,922
16210,2277
16211,4669
16213,2401
16214,3271
16215,399
16216,5747
16217,237
16218,348
16220,3838
16221,490
16225,4736
16226,1135
16227,2568
16229,5990
16230,1751
16231,3346
16232,5948
16233,5614
16235,1773
16236,4464
16237,4952
16238,5854
16241,1770
16246,2121
16247,1365
16248,3817
16250,115
16252,3407
16253,2684
16254,4844
16255,5410
16256,6298
16258,5219
16260,6162
16262,5111
16263,4283
16264,2800
16267,5467
16269,3375
16270,5944
16271,2041
16272,5744
16273,1505
16275,5241
16276,3201
16277,3513
16278,4025
16279,1347
16280,4456
16281,237
16282,1231
16283,1021
16285,803
16286,6066
16287,6208
16288,3545
16291,12
16293,945
16294,264
16295,5028
16296,5774
16300,4952
16301,1182
16304,863
16305,6110
16310,2330
16312,1826
16313,4952
16315,4806
16317,160
16318,3002
16320,726
16321,2839
16322,1564
16323,5483
16324,709
16325,4012
16327,5756
16328,4584
16329,5632
16331,5973
16332,5905
16334,3653
16336,1646
16338,2095
16339,5730
16342,3744
16343,309
16344,1695
16345,2021
16346,2019
16347,4538
16348,3139
16349,3602
16350,1789
16352,1537
16353,4697
16354,1328
16355,249
16357,587
16358,1391
16360,3504
16362,3672
16364,6272
16365,3635
16367,5887
16368,5639
16370,5571
16371,726
16372,5171
16373,2321
16374,2783
16376,2277
16377,247
16378,4411
16380,2584
16381,3173
16382,5702
16384,2277
16385,2379
16386,2940
16387,2445
16388,5662
16389,1557
16390,5782
16391,4822
16392,5366
16394,4047
16395,4221
16396,5935
16397,2383
16398,5873
16399,2014
16400,499
16401,4043
16402,532
16403,6230
16406,2351
16407,5307
16409,5297
16410,2021
16413,1067
16414,917
16416,4079
16419,142
16421,1629
16422,5980
16423,5628
16424,2116
16425,4470
16429,2873
16430,3617
16433,3540
16435,3669
16437,3465
16438,3084
16439,3297
16441,613
16443,4902
16444,4760
16445,4727
16446,5125
16447,5159
16450,891
16451,1090
16452,5366
16453,5518
16454,1378
16455,841
16456,5325
16457,2819
16458,3635
16459,3355
16460,5763
16461,2452
16462,3807
16464,3307
16465,3744
16466,5636
16467,5211
16468,24
16469,3483
16471,5359
16472,4810
16473,5583
16474,4401
16475,4315
16476,1159
16477,1376
16478,26
16479,1988
16480,5004
16481,6338
16483,2247
16485,748
16486,2807
16487,1210
16488,1149
16491,3695
16492,3281
16493,1082
16494,748
16496,5209
16497,2353
16498,2669
16499,2688
16500,620
16501,3942
16502,4332
16503,5469
16504,2277
16505,4709
16506,4464
16508,846
16509,5863
16510,3758
16512,4952
16513,1886
16514,5540
16516,1159
16518,5953
16519,3198
16520,4004
16521,346
16522,4246
16523,5259
16526,3428
16528,5020
16530,3343
16531,279
16533,984
16535,3294
16536,5930
16537,2277
16538,1081
16539,58
16540,6154
16541,1444
16542,5399
16543,4707
16544,4955
16545,3262
16546,1040
16547,519
16548,361
16549,514
16551,4231
16552,4450
16553,3055
16554,3140
16555,304
16557,4544
16559,1210
16560,4082
16562,5535
16564,5237
16565,3857
16566,5189
16567,1210
16568,2187
16572,4390
16573,4592
16574,4073
16575,865
16576,4382
16577,1316
16578,1562
16580,3030
16581,4010
16582,4602
16583,2277
16584,1793
16586,4952
16588,5057
16589,2680
16590,3981
16591,711
16594,4457
16595,4295
16596,992
16597,791
16598,1963
16599,6015
16600,2167
16602,1155
16603,787
16605,4516
16606,4757
16607,5098
16609,5930
16610,4787
16611,2899
16612,2365
16613,1167
16615,5008
16616,5271
16617,4358
16618,4496
16624,5738
16625,1095
16626,6171
16627,3713
16628,2125
16629,4489
16631,6247
16635,842
16636,5012
16637,179
16639,5055
16642,1414
16643,4555
16644,644
16646,2754
16647,4185
16648,1339
16650,1323
16652,403
16653,3129
16654,4737
16656,815
16657,133
16663,2577
16664,5925
16665,6111
16666,3238
16667,4627
16668,1789
16669,4588
16670,2935
16671,2441
16673,6091
16674,791
16675,2877
16676,1929
16677,726
16679,996
16680,6068
16681,3502
16682,917
16683,1168
16685,2065
16686,643
16687,2418
16693,1762
16694,5977
16695,116
16696,3271
16697,2494
16698,5677
16700,2336
16701,5243
16702,4732
16703,1584
16705,3776
16706,1676
16707,1745
16708,2681
16709,2277
16710,2118
16712,4520
16713,5075
16714,2311
16715,5469
16716,1918
16717,4124
16718,4569
16720,3496
16722,2975
16724,2779
16726,5551
16728,3644
16730,2977
16731,4494
16732,4928
16733,5474
16737,3465
16738,3403
16739,4952
16740,5974
16741,3567
16742,4112
16743,5135
16744,3271
16745,4458
16746,492
16747,4123
16749,837
16750,6356
16751,3776
16752,3758
16753,289
16755,1813
16756,760
16757,5313
16761,3852
16762,6276
16763,398
16765,5678
16766,2255
16767,4743
16768,5727
16769,2848
16770,1467
16771,2990
16772,859
16773,5058
16774,1582
16775,6314
16777,2543
16778,2214
16779,1210
16781,1020
16782,1039
16783,5199
16784,1897
16785,5985
16787,5699
16788,4627
16789,2234
16790,2608
16791,4308
16792,236
16793,98
16795,1210
16796,3400
16797,4205
16798,4426
16799,3027
16800,5133
16801,1173
16802,5632
16803,5423
16804,2891
16807,5852
16808,1567
16809,1210
16810,4891
16811,4576
16812,4826
16814,643
16815,1263
16816,2277
16817,3004
16819,5328
16821,5107
16824,2189
16825,4639
16828,5124
16830,1286
16831,3937
16832,5207
16833,5873
16835,6073
16837,1183
16838,4304
16840,5327
16843,2712
16844,5807
16846,5004
16847,5783
16848,4755
16849,33
16850,1913
16851,5906
16852,936
16853,3007
16854,442
16855,2939
16863,26
16864,1422
16865,198
16866,4541
16867,295
16869,6135
16870,3749
16872,1210
16874,3768
16876,3320
16877,1353
16878,5868
16882,3375
16883,2857
16885,4028
16886,5958
16887,3312
16889,5090
16892,749
16896,950
16898,4859
16902,2027
16903,5030
16904,3920
16905,207
16906,4952
16907,6173
16908,2334
16909,2493
16911,2415
16912,313
16913,3765
16914,5873
16915,2873
16916,3327
16917,2394
16920,72
16921,1876
16922,2398
16923,136
16924,649
16925,2473
16926,4952
16927,2557
16928,3730
16929,5244
16930,235
16931,1870
16932,1332
16934,261
16935,1591
16939,3744
16942,287
16943,254
16944,4157
16946,4326
16948,4913
16949,3615
16951,6047
16952,3744
16953,3562
16954,3905
16956,3790
16957,1587
16958,3718
16959,2097
16960,3384
16961,3913
16962,2971
16966,5254
16967,4997
16970,6336
16971,4930
16974,2937
16976,2487
16977,4151
16979,2889
16980,2571
16981,3588
16982,2012
16983,5833
16985,3997
16986,3795
16991,5881
16992,5298
16993,3243
16994,5911
16996,965
16997,837
16998,3196
16999,3096
17000,5544
17001,1586
17002,5004
17003,1172
17006,3562
17007,5731
17008,5293
17009,450
17011,5159
17012,3866
17013,5379
17015,3592
17017,3250
17018,198
17020,3291
17021,1829
17022,6125
17023,84
17024,602
17025,2541
17027,1034
17028,2070
17030,4381
17031,5004
17034,3204
17036,4209
17037,4145
17038,5982
17039,4008
17043,2183
17044,3441
17046,5892
17047,5219
17048,1870
17049,5508
17050,3597
17051,5164
17053,4730
17058,2424
17059,4908
17060,2482
17062,2016
17063,5455
17066,1210
17067,5182
17069,5198
17070,4952
17072,2060
17073,4730
17076,607
17077,3917
17081,4323
17082,3812
17083,2277
17084,853
17085,2664
17086,2698
17090,2476
17091,1119
17092,1697
17093,5762
17094,4704
17096,5000
17097,3803
17099,5342
17101,1276
17102,5435
17104,4766
17105,1293
17106,1983
17107,1198
17109,6020
17110,3392
17111,5606
17112,3617
17114,4351
17115,3273
17116,5126
17117,2034
17118,5057
17119,1640
17120,5255
17121,2388
17122,1063
17124,6312
17125,5294
17126,2328
17130,945
17131,2305
17132,2865
17133,6046
17134,104
17135,1099
17136,6032
17137,5094
17138,2847
17139,3501
17140,987
17141,2298
17142,5473
17144,4176
17145,3550
17146,3245
17147,4590
17148,4472
17149,4133
17150,3763
17151,5054
17152,585
17153,1375
17154,129
17155,1154
17156,4952
17157,4077
17158,5718
17159,631
17160,97
17162,2364
17164,1094
17165,1406
17167,1252
17168,6277
17170,3234
17171,281
17172,6298
17173,1700
17178,5724
17179,6117
17180,684
17182,4817
17184,4397
17185,1899
17186,770
17188,6002
17189,1210
17192,1287
17193,5036
17194,2281
17197,1207
17200,5361
17201,1716
17202,4744
17203,1589
17204,3744
17205,5518
17206,132
17207,6054
17208,6231
17209,3311
17210,6275
17213,1160
17214,1975
17215,2095
17216,669
17217,2226
17218,4320
17220,1224
17221,2445
17222,1453
17223,3024
17224,5144
17225,4245
17227,6046
17229,3375
17230,1634
17231,6027
17237,940
17239,2747
17240,127
17241,4464
17242,5279
17243,283
17246,190
17247,5042
17248,2658
17249,5178
17250,700
17251,5599
17252,4627
17253,1033
17254,2166
17256,6381
17257,5887
17258,1638
17260,1901
17261,39
17263,1966
17265,4442
17266,2016
17268,5352
17269,5259
17270,3601
17271,4924
17272,4261
17273,2021
17276,4967
17279,166
17281,1927
17283,5672
17286,3992
17287,4246
17288,1020
17289,5240
17290,3292
17292,2598
17293,753
17294,5107
17298,6217
17300,924
17303,1791
17304,2590
17305,64
17306,5368
17308,1678
17309,3094
17310,798
17311,5126
17312,3923
17313,4610
17314,2022
17316,4891
17317,1619
17318,5004
17319,5825
17321,3992
17322,2935
17323,2277
17324,1295
17325,330
17326,4331
17328,1252
17329,440
17332,1042
17333,2307
17334,784
17338,3164
17339,260
17341,4407
17343,373
17344,5057
17347,4266
17348,5708
17349,5972
17350,1006
17351,4854
17352,5892
17355,4274
17356,857
17357,131
17358,1210
17359,1627
17360,2786
17361,6335
17362,2502
17363,3627
17366,5963
17367,4353
17370,3428
17371,6326
17372,3690
17375,337
17377,943
17379,5798
17380,5068
17381,4891
17382,3117
17384,5673
17388,3497
17390,3562
17391,260
17393,3934
17394,626
17397,1210
17398,4954
17399,696
17400,4372
17401,4815
17402,1712
17403,2277
17405,639
17406,260
17407,3992
17409,3714
17410,6236
17412,2095
17414,3973
17416,5051
17419,4203
17420,4113
17421,4724
17424,5765
17426,2466
17427,2754
17428,3185
17429,4096
17430,4132
17432,1235
17433,5259
17435,5226
17436,1535
17437,3744
17438,301
17439,4799
17440,1093
17441,1057
17442,1789
17443,3497
17444,3364
17445,3387
17446,1926
17447,168
17448,2402
17449,3190
17450,3739
17452,2562
17453,2277
17454,5469
17455,4246
17456,2220
17459,6282
17460,2262
17461,2809
17462,1068
17463,1045
17464,6340
17465,5613
17468,2014
17469,4185
17470,4056
17471,1253
17472,2123
17474,4537
17475,5259
17476,5995
17477,5004
17478,5934
17480,1432
17481,5946
17482,5537
17484,3776
17485,4738
17486,1511
17487,966
17488,3260
17489,4637
17491,3494
17492,4466
17496,3476
17497,3245
17498,4215
17500,418
17502,5247
17503,5681
17504,2166
17505,5547
17506,6250
17507,3461
17508,4713
17511,964
17512,187
17513,323
17514,3499
17515,2341
17516,3495
17518,6148
17520,4968
17521,2749
17522,2058
17524,4815
17525,3898
17526,1105
17528,2887
17529,5006
17530,5379
17531,5710
17532,536
17533,2486
17534,3532
17535,1364
17536,498
17537,804
17538,6136
17539,5219
17541,1440
17542,3261
17543,4382
17544,3140
17545,3741
17546,4442
17547,1694
17548,2582
17550,1760
17551,5568
17552,1655
17553,2553
17554,5676
17555,3445
17556,2277
17557,2993
17558,2574
17562,5560
17563,4948
17564,12
17565,2954
17566,2277
17567,6004
17569,3383
17570,1210
17571,5547
17572,487
17575,1197
17576,4182
17580,1731
17581,1507
17582,3218
17583,5610
17584,66
17585,2095
17587,4726
17589,4982
17590,3515
17592,5216
17593,2388
17595,523
17596,1769
17597,3106
17598,2837
17599,4745
17601,5216
17605,261
17606,5750
17611,4594
17613,2277
17615,5937
17616,5503
17619,4952
17620,1970
17621,1277
17622,3375
17624,2072
17626,4140
17627,2822
17628,5577
17629,4364
17631,5139
17633,5399
17634,1506
17635,2277
17636,3565
17637,3635
17638,1919
17639,4942
17641,2871
17642,3009
17643,4104
17644,339
17646,4652
17647,2514
17649,2751
17650,2372
17652,4323
17653,4580
17654,6133
17655,3553
17656,2352
17658,5598
17660,4921
17661,3259
17663,2873
17665,3094
17666,458
17667,1570
17668,704
17669,4106
17670,6167
17671,2021
17672,260
17673,5655
17674,3457
17675,3500
17676,155
17677,1538
17678,5469
17681,1460
17682,5918
17683,3852
17685,3084
17687,1723
17688,5967
17690,385
17692,5211
17693,6382
17695,2748
17696,4952
17697,951
17698,608
17700,16
17701,3679
17703,220
17704,1465
17705,2562
17708,1395
17709,3174
17710,1627
17711,2277
17712,5588
17714,3271
17715,4323
17716,1980
17717,1404
17718,2031
17719,3035
17721,6230
17722,804
17723,5456
17725,1210
17726,997
17729,6311
17731,1606
17732,4596
17734,1432
17735,316
17737,4035
17738,3197
17739,5643
17740,3097
17741,3444
17742,5892
17743,5469
17744,1547
17745,2418
17746,1278
17747,1823
17748,4884
17750,3992
17751,4111
17752,2404
17753,5469
17754,3785
17755,5620
17756,6272
17757,1160
17759,3281
17760,4645
17761,2058
17762,5166
17763,3891
17765,4485
17766,426
17768,2061
17769,600
17770,1160
17771,2851
17772,6026
17774,2993
17777,1020
17778,294
17779,408
17780,5004
17781,2331
17782,1558
17783,6384
17785,2820
17786,4214
17788,3267
17789,6185
17790,1646
17791,3946
17792,1299
17794,606
17796,6334
17797,5885
17799,5206
17800,4974
17803,184
17804,4667
17806,3079
17807,5004
17808,123
17810,1244
17811,967
17812,5492
17813,1392
17814,2809
17815,261
17817,434
17818,1276
17819,411
17820,4323
17822,4576
17824,3844
17827,1861
17828,153
17829,632
17832,3212
17833,2277
17835,3810
17836,3161
17837,4035
17838,2277
17840,3277
17841,396
17842,3468
17846,6274
17847,4823
17848,778
17850,2251
17851,2978
17852,3486
17853,4178
17854,4362
17855,4120
17856,3551
17857,5702
17858,5421
17860,6162
17862,4952
17863,4246
17864,2566
17865,4892
17866,2612
17868,3288
17869,1210
17870,6385
17871,1910
17872,6156
17875,393
17877,5349
17878,1941
17879,6004
17880,2286
17881,4961
17882,4493
17883,266
17884,1210
17885,3530
17886,4157
17888,879
17889,2560
17891,1020
17892,5673
17893,5671
17894,3554
17896,2277
17897,4571
17898,4444
17900,3583
17901,4659
17902,6178
17903,3318
17904,4029
17905,368
17906,2972
17907,2652
17908,2651
17912,2172
17915,6031
17916,5434
17918,3992
17919,1941
17920,5740
17922,667
17923,780
17924,158
17925,4277
17926,6196
17927,1501
17928,3134
17929,2201
17931,5873
17938,3388
17939,2567
17940,1082
17941,212
17942,4661
17943,3121
17944,4952
17946,2021
17947,5076
17950,2871
17951,4838
17952,5340
17953,6261
17958,1154
17959,1101
17961,6271
17962,5681
17963,2288
17964,4646
17966,6260
17967,6033
17969,4270
17970,2987
17971,6352
17974,3992
17975,4908
17976,6237
17978,2866
17979,5586
17980,3381
17985,1117
17986,5311
17987,4605
17988,5447
17990,4274
17991,985
17992,5004
17994,5892
17995,4891
17996,6013
17997,5097
17998,576
17999,3219
18000,5845
18001,1704
18002,2284
18003,455
18005,1361
18006,469
18008,4707
18010,4738
18011,3988
18013,4471
18014,5095
18015,2021
18016,5823
18017,1656
18019,1611
18021,4698
18024,1584
18026,3138
18027,1826
18028,6348
18029,5980
18030,1840
18031,3744
18032,6285
18033,2885
18035,1653
18036,40
18037,2428
18040,4697
18041,2406
18042,5236
18044,805
18045,379
18046,66
18047,1252
18048,1847
18050,5164
18051,969
18052,4847
18053,999
18055,5728
18056,874
18057,3662
18059,376
18061,2249
18062,3024
18064,1260
18065,3104
18066,5646
18069,351
18070,212
18072,3517
18073,5084
18074,794
18075,5925
18079,238
18081,2325
18082,3281
18083,1420
18084,10
18085,2858
18086,2805
18087,551
18088,1802
18089,3776
18090,1399
18093,4948
18094,2577
18096,3008
18098,508
18099,5632
18100,5870
18101,4563
18102,4767
18103,6342
18104,960
18105,6369
18107,4892
18108,3053
18109,4887
18110,5998
18111,2695
18112,4863
18113,6150
18114,5179
18115,5614
18116,2858
18117,23
18119,5945
18123,3992
18124,2749
18125,5533
18126,1962
18127,6089
18129,1404
18130,5491
18131,884
18133,2382
18134,4499
18135,4171
18136,507
18137,2304
18138,5432
18139,5579
18142,3082
18143,5580
18144,1210
18149,5047
18151,339
18152,6018
18153,5359
18155,4168
18157,3404
18158,4793
18160,602
18161,6093
18165,3518
18166,6069
18167,4577
18168,470
18169,4952
18171,5192
18172,1329
18173,4643
18174,950
18175,2391
18176,845
18177,2988
18178,17
18179,699
18180,4632
18183,6234
18185,3144
18186,2676
18187,3032
18188,6097
18189,513
18190,2421
18192,5430
18193,1531
18194,628
18197,4942
18198,3899
18199,5837
18200,5349
18201,5858
18203,4670
18204,4364
18206,5087
18207,3655
18210,400
18211,4307
18212,5397
18214,3893
18216,6008
18218,4314
18221,2489
18222,3105
18223,3783
18224,1976
18226,1145
18229,3273
18230,4961
18231,1860
18232,5873
18234,5375
18235,5804
18236,5199
18237,2123
18238,1990
18239,1977
18241,3196
18242,398
18243,3234
18244,2187
18246,6306
18248,3491
18249,133
18250,968
18251,201
18253,5666
18254,5270
18255,1789
18257,4477
18259,3453
18260,6028
18261,3363
18265,1271
18266,2008
18267,2868
18268,4835
18270,1789
18271,5288
18272,4488
18273,1524
18274,1899
18275,2805
18277,3704
18278,1093
18279,5004
18280,6257
18281,3574
18282,4185
18283,1658
18284,2910
18285,5448
18286,2277
18289,4378
18290,2385
18292,4928
18293,2197
18295,5101
18296,5199
18299,1327
18300,5469
18304,3675
18305,1566
18306,5297
18307,1271
18310,2446
18314,292
18315,2754
18316,2862
18317,3758
18319,4323
18321,4503
18322,3625
18323,5932
18325,2839
18326,2513
18327,3320
18330,5535
18331,4048
18333,5440
18335,1590
18336,3332
18337,1870
18339,1581
18340,4906
18342,4246
18343,211
18344,858
18346,3727
18347,2682
18348,225
18349,5130
18351,4535
18355,5004
18356,584
18357,2183
18358,3490
18359,2524
18360,5169
18362,2258
18363,4612
18365,2969
18368,6354
18369,2277
18370,3279
18371,5297
18372,1629
18374,3454
18376,611
18379,3773
18380,4355
18382,5021
18383,1500
18384,754
18385,6161
18387,407
18388,2095
18389,2056
18390,5107
18391,1786
18393,1626
18394,2557
18395,3821
18396,1777
18397,534
